entity_id,name,hq,n_assets,lei,cik
E100000001194,Duke Energy Corp,United States,158,I1BZKREC126H0VB1BL91,1326160
E100000000382,ENGIE SA,France,156,LAXUQCHT4FH58LRZDY46,
E100001014534,Snam SpA,Italy,156,8156002278562044AF79,
E100000001309,Southern Co,United States,115,549300FC3G3YU2FBZD92,92122
E100000000746,Shell PLC,United Kingdom,110,21380068P1DRHMJ8KU70,
E100000000414,Heidelberg Materials AG,Germany,108,LZ2C6E0W5W7LQMX5ZI37,
E100000000387,TotalEnergies SE,France,106,529900S21EQ1BO4ESM68,
E100000001155,Berkshire Hathaway Inc,United States,104,5493000C01ZX7D35SD85,1067983
E100001000571,Holcim Ltd,Switzerland,103,529900EHPFPYHV6IQO98,
E100000000610,Eni SpA,Italy,99,BUCRF72VH5RBN7X3VL35,
E100000001322,Vistra Corp,United States,92,549300KP43CPCUJOOG15,1692819
E100001000208,Constellation Energy Corp,United States,91,549300F8Y20RYGNGV346,1868275
E100000000433,RWE AG,Germany,76,529900GB7KCA94ACC940,
E100000001179,Chevron Corp,United States,73,,93410
E100000001213,Exxon Mobil Corp,United States,72,J3WHBG0MTS7O8ZVMDC91,34088
E100000001247,KKR & Co. Inc,United States,69,54930013V5I303TF9571,1404912
E100000000968,Endesa SA,Spain,68,549300LHK07F2CHV4X31,
E100001014294,Energy Transfer LP,United States,68,MTLVN9N7JE8MIBIJ1H73,1276187
E100001014505,Enagás SA,Spain,65,213800OU3FQKGM4M2U23,
E100000001262,NRG Energy Inc,United States,63,5E2UPK5SW04M13XY7I38,1013871
E100000001329,Xcel Energy Inc,United States,62,LGJNMI9GH8XIDG5RCM61,72903
E100000131458,CRH PLC,Ireland,61,549300MIDJNNTH068E74,
E100000001245,Kinder Morgan Inc,United States,61,549300WR7IX8XE0TBO16,1506307
E100000001140,American Electric Power Company Inc,United States,59,1B4S6S7G0TW5EE83BO58,4904
E100000001210,Evergy Inc,United States,56,549300PGTHDQY6PSUI61,1711269
E100002016384,Bridgepoint Group PLC,United Kingdom,54,213800KFNMVI8PDZX472,
E100001014282,Enterprise Products Partners LP,United States,54,K4CDIF4M54DJZ6TB4Q48,1061219
E100000001193,Dominion Energy Inc,United States,53,ILUL7B6Z54MRYCF6H308,715957
E100000001096,BP PLC,United Kingdom,53,213800LH1BZH3DI6G760,
E100000001267,NextEra Energy Inc,United States,52,254900RHL9MEUS5NKX63,753308
E100000000388,Veolia Environnement SA,France,51,969500LENY69X51OOT31,
E100000000457,Uniper SE,Germany,49,549300UXRTWGIBZQ4J67,
E100000001158,Blackstone Inc,United States,46,5299004LW4QWGZUB8Y96,1393818
E100002005243,Buzzi SpA,Italy,46,5299003DX5YLKSVJ6K59,
E100000000407,EnBW Energie Baden-Württemberg AG,Germany,46,529900JSFZ4TS59HKD79,
E100000001241,International Paper Co,United States,43,824LMFJDH41EY779Q875,51434
E100000004265,Union Electric Co,United States,42,QMPJLLDULY5C1M8PNY21,100826
E100000001305,AES Corp,United States,42,2NUNNB7D43COUIRE5295,874761
E100001014325,Plains All American Pipeline LP,United States,40,5521FA2ITF25TVH63740,1070423
E100001015278,ONEOK Inc,United States,39,2T3D6M0JSY48PSZI1Q41,1039684
E100002006770,UBS Fund Management (Switzerland) AG,Switzerland,37,5493003QNP1E68GGMZ05,
E100000001005,UBS Group AG,Switzerland,36,549300SZJ9VS8SGXAN81,
E100000001282,Phillips 66 ,United States,35,5493005JBO5YSIGK1814,1534701
E100000000608,Enel SpA,Italy,35,WOCMU6HCI0OJWNPRZS33,
E100000001283,Pinnacle West Capital Corp,United States,35,TWSEY0NEDUDCKS27AH81,764622
E100000001324,WEC Energy Group Inc,United States,34,549300IGLYTZUK3PVP70,783325
E100002004748,DTE Energy Co,United States,32,549300IX8SD6XXD71I78,936340
E100000000978,Naturgy Energy Group SA,Spain,31,TL2N6M87CW970S5SV098,
E100000001454,E.ON SE,Germany,30,Q9MAIUP40P25UFBFG033,
E100000001116,National Grid PLC,United Kingdom,28,8R95QZMKZLJX5Q2XR704,
E100001011247,ConocoPhillips Corp,United States,28,WPTL2Z3FIYTHSP5V2253,1163165
E100000001173,Carlyle Group Inc,United States,28,529900NGGVF94UK6PG95,1527166
E100000001223,General Electric Co,United States,27,3C7474T6CDKPR9K6YT90,40545
E100000001269,OGE Energy Corp,United States,27,CE5OG6JPOZMDSA0LAQ19,1021635
E100000002988,Entergy Louisiana LLC,United States,27,0V5453U14HDZO63CGH17,
E100000000766,Equinor ASA,Norway,27,OW6OFBNCKXC4US5C7523,
E100000000476,Public Power Corporation SA,Greece,27,213800T9Y5XCOVRZ4Y57,
E100000001278,PPL Corp,United States,26,9N3UAJSNOUXFKQLF3V18,922224
E100001000400,Glencore PLC,Switzerland,24,2138002658CPO9NBH955,
E100000000602,A2A SpA,Italy,24,81560076E3944316DB24,
E100001000649,Cleveland-Cliffs Inc,United States,23,549300TM2WLI2BJMDD86,764065
E100000131246,Alpha Metallurgical Resources Inc,United States,23,254900VEBGZO2PY8R678,1704715
E100000000975,Iberdrola SA,Spain,23,5QK37QC7NWOJ8D7WVQ45,
E100000001209,Entergy Corp,United States,22,4XM3TW50JULSLG8BNC79,65984
E100000000369,Stora Enso Oyj,Finland,22,7437000ZP669LKUTZ738,
E100000003523,Mainova AG,Germany,21,529900V3S3C2QZPTD593,
E100000001534,JPMorgan Chase & Co Corp,United States,21,8I5DZWZKVSZI1NUHU748,19617
E100000001135,Alliant Energy Corp,United States,21,5493009ML300G373MZ12,352541
E100000002899,Edison SpA,Italy,21,529900WS2E20BA5J4L49,
E100000000372,UPM-Kymmene Oyj,Finland,20,213800EC6PW5VU4J9U64,
E100000001123,SSE PLC,United Kingdom,20,549300KI75VYLLMSK856,
E100001014841,Williams Companies Inc,United States,20,D71FAKCBLFS2O0RBPG08,107263
E100001010181,Nucor Corp,United States,20,549300GGJCRSI2TIEJ46,73309
E100001011985,Hawaiian Electric Industries Inc,United States,19,JJ8FWOCWCV22X7GUPJ23,354707
E100001015054,MPLX LP,United States,19,5493000CZJ19CK4P3G36,1552000
E100002002419,Vicat SA,France,19,9695009YI1863TOVDP79,
E100000000428,Munich RE AG,Germany,19,529900MUF4C20K50JS49,
E100001000402,Peabody Energy Corp,United States,19,EJCO258LNNVSKAR2JX59,1064728
E100000001164,CMS Energy Corp,United States,19,549300IA9XFBAGNIBW29,811156
E100000000980,Repsol SA,Spain,18,BSYCX13Y0NOTV14V9N85,
E100000152192,Partners Group Holding AG,Switzerland,18,549300I3IVVWZWDHI788,
E100000001270,Occidental Petroleum Corp,United States,18,IM7X0T3ECJW4C1T7ON55,797468
E100000000030,Verbund AG,Austria,18,5299006UDSEJCTTEJS30,
E100000002328,Talen Energy Corp,United States,18,,1622536
E100001014304,Loews Corp,United States,17,R8V1FN4M5ITGZOG7BS19,60086
E100001000641,Archer-Daniels-Midland Co,United States,17,549300LO13MQ9HYSTR83,7084
E100000001293,Sempra ,United States,17,PBBKGKLRK5S5C0Y4T545,1032208
E100000000050,Solvay SA,Belgium,16,549300MMVL80RTBP3O28,
E100000001906,enercity AG,Germany,15,549300YTRYZPM57T3319,
E100002005704,Titan Cement International SA,Belgium,15,213800H2CDP9I374WH83,
E100000000394,Allianz SE,Germany,14,529900K9B0N5BT694847,
E100000001607,Ørsted A/S,Denmark,13,W9NG6WMZIYEU8VEDOG48,
E100000002718,Clearway Energy Inc,United States,13,549300LHAZ9HA9G3XC48,1567683
E100001010596,State Street Corp,United States,13,549300ZFEEJ2IP5VME73,93751
E100000132107,Ramaco Resources Inc,United States,12,5493001BYUI4TCQOPF70,1687187
E100000000426,MVV Energie AG,Germany,12,529900ISR2VNZV1C0T93,
E100000001384,Ares Management Corp,United States,12,529900JUV61FH7B8VW38,1176948
E100002001305,Associated British Foods PLC,United Kingdom,12,GBQKSY6W7G0OHCQ8OQ72,
E100000000375,Air Liquide SA,France,12,969500MMPQVHK671GT54,
E100001000638,Alliance Resource Partners LP,United States,12,529900T4Q5UPWOUFG783,1086600
E100002003558,Fomento de Construcciones y Contratas SA,Spain,12,95980020140005178328,
E100000004212,thyssenkrupp AG,Germany,11,549300UDG16DOYUPR330,
E100000001157,Black Hills Corp,United States,11,3MGELCRSTNSAMJ962671,1130464
E100000000834,EDP SA,Portugal,11,529900CLC3WDMGI9VH80,
E100001000653,Core Natural Resources Inc,United States,11,549300YJCTPJBTK7IJ81,1710366
E100000000027,OMV AG,Austria,11,549300V62YJ9HTLRI486,
E100000150310,NorthWestern Energy Group Inc,United States,11,254900N1WG46G1VMDM34,1993004
E100001010315,Salzgitter AG,Germany,11,529900E12Z6HXIMHFA15,
E100001015599,Sunoco LP,United States,11,54930001NJU8E40NQ561,1552275
E100000000395,BASF SE,Germany,11,529900PM64WH8AF1E917,
E100002004300,Brookfield Asset Management Ltd,United States,10,549300CZ84WPNJZKY093,1937926
E100000001114,Mondi PLC,United Kingdom,10,213800LOZA69QFDC9N34,
E100001000124,Ence Energía y Celulosa SA,Spain,10,95980020140005309084,
E100000001251,MGE Energy Inc,United States,10,,1161728
E100000001734,Westlake Corp,United States,10,GOXNEVUM0LL78B1OS344,1262823
E100001001070,Billerud AB,Sweden,9,549300YJUYJ9A24RXL71,
E100002005937,Cementos Molins SA,Spain,9,959800JRJW1CZ63R8P20,
E100000001254,Marathon Petroleum Corp,United States,9,3BNYRYQHD39K4LCKQF12,1510295
E100000001235,IDACORP Inc,United States,9,N134NUJDWN8UEFA8B673,1057877
E100000152934,Genesis Energy LP,United States,8,549300VJ5D6MDK138782,1022321
E100000001101,Centrica PLC,United Kingdom,8,E26EDV109X6EEPBKVH76,
E100001011575,Celanese Corp,United States,8,549300FHJQTDPPN41627,1306830
E100001014386,Targa Resources Corp,United States,8,5493003QENHHS261UR94,1389170
E100000130754,Commercial Metals Co,United States,8,549300OQS2LO07ZJ7N73,22444
E100001000488,Coronado Global Resources Inc,United States,8,549300IGUM6F25CYHK79,1770561
E100001012815,Harbour Energy PLC,United Kingdom,7,213800YPC42DYBKVPF97,
E100000001198,Edison International Corp,United States,7,549300I7ROF15MAEVP56,827052
E100000000360,Fortum Oyj,Finland,7,635400IUIZZIUJSAMF76,
E100000132450,Packaging Corporation of America ,United States,7,549300XZP8MFZFY8TJ84,75677
E100001000232,Mercer International Inc,United States,7,549300Z5IAG39VRTY874,1333274
E100000000459,Volkswagen AG,Germany,7,529900NNUPAGGOMPXZ31,
E100000001177,CenterPoint Energy Inc,United States,7,21TPXMRRHFKOBHDC8J74,1130310
E100000001651,SSAB AB,Sweden,7,529900329VS14ZIML164,
E100000001713,The Navigator Co,Portugal,7,549300UNIB7M2AXUXS35,
E100000000436,Siemens AG,Germany,7,W38RGI023J3WT1HWRP32,
E100000000473,HELLENiQ ENERGY Holdings SA,Greece,7,213800YUBJMZYR1SNG35,
E100000001132,Air Products and Chemicals Inc,United States,7,7QEON6Y1RL5XR3R1W237,2969
E100002005093,Cementir Holding NV,Netherlands,7,8156008B101B97A43B02,
E100002006131,Eagle Materials Inc,United States,7,529900KRXRGXL61SG039,918646
E100000002169,ALLETE Inc,United States,7,549300NNLSIMY6Z8OT86,66756
E100000001104,Drax Group PLC,United Kingdom,7,549300YPSNTXR4ZHSR98,
E100000002305,Portland General Electric Co,United States,7,GJOUP9M7C39GLSK9R870,784977
E100000000838,Semapa - Sociedade de Investimento e Gestão SGPS SA,Portugal,7,549300HNGOW85KIOH584,
E100001016064,Cheniere Energy Partners LP,United States,6,5493005UEC8AZ34LDV29,1383650
E100001000155,Evonik Industries AG,Germany,6,41GUOJQTALQHLF39XJ34,
E100002021926,City of Vienna ,Austria,6,529900LTE68PDZBBU805,
E100001015934,Redes Energéticas Nacionais SGPS SA,Portugal,6,549300FR1FN48IGHR915,
E100002002718,Vontobel Holding AG,Switzerland,6,529900G69W5VR3DDPW23,
E100000001186,Consolidated Edison Inc,United States,6,54930033SBW53OO8T749,1047862
E100000001268,NiSource Inc,United States,6,549300D8GOWWH0SJB189,1111711
E100001011576,Clariant AG,Switzerland,6,529900VSEKBY7TMPP349,
E100000000620,Iren SpA,Italy,6,8156001EBD33FD474E60,
E100000000021,EVN AG,Austria,6,529900P4JZBFEVNEAE60,
E100000001277,PNM Resources Inc,United States,6,5493003JOBJGLZSDDQ28,735250
E100002000151,Kemira Oyj,Finland,6,74370031Y7RK5H88CQ48,
E100001010336,Steel Dynamics Inc,United States,6,549300HGGKEL4FYTTQ83,1022671
E100001000054,Metsä Board Oyj,Finland,6,743700KKB8Q035K38488,
E100000000619,Hera SpA,Italy,6,8156009414FD99443B48,
E100001000636,Alcoa Corp,United States,5,549300T12EZ1F6PWWU29,1675149
E100000132404,Clearwater Paper Corp,United States,5,549300HCVV19GXN4P292,1441236
E100000000475,Metlen Energy & Metals SA,Greece,5,213800KT8MEUJEJ2KW41,
E100002024593,Braunschweig Beteiligungen GmbH,Germany,5,529900LBFWIZP20KCC34,
E100001014430,Cheniere Energy Inc,United States,5,MIHC87W9WTYSYZWV1J40,3570
E100000001321,Valero Energy Corp,United States,5,549300XTO5VR8SKV1V74,
E100000001169,California Resources Corp,United States,5,5493003Q8F0T4F4YMR48,1609253
E100001014542,DT Midstream Inc,United States,5,,1842022
E100000136992,Deutsche Bank AG,Germany,5,7LTWFZYICNSX8D621K86,
E100000001220,FreePort-McMoran Inc,United States,5,549300IRDTHJQ1PVET45,831259
E100001014129,APA Corp,United States,5,549300VCIWLRHYVSHC79,1841666
E100000002180,Avista Corp,United States,5,Q0IK63NITJD6RJ47SW96,104918
E100001010299,Nacco Industries Inc,United States,5,,789933
E100002000031,Dow Inc,United States,5,5493003S21INSLK2IP73,1751788
E100000000472,"GEK TERNA Holdings, Real Estate, Construction SA",Greece,5,2138003TO2MTRHWVP686,
E100001010324,Vallourec SA,France,5,969500P2Q1B47H4MCJ34,
E100001001053,FirstEnergy Corp,United States,5,549300SVYJS666PQJH88,1031296
E100000132862,Rayonier Advanced Materials Inc,United States,4,54930053QJ7OUGZG4F72,1597672
E100001014437,Ithaca Energy PLC,United Kingdom,4,21380057TNFLXPXBIP34,
E100001014651,Enquest PLC,United Kingdom,4,2138008LJU6WFQWOXJ73,
E100002016726,Graphic Packaging Holding Co,United States,4,,1408075
E100000000770,Norske Skog ASA,Norway,4,529900MYY60WXHHY3039,
E100000001119,Rio Tinto PLC,United Kingdom,4,213800YOEO5OQ72G2R82,
E100000188948,AXA SA,France,4,F5WCUMTUM4RKZ1MAIE39,
E100001014645,National Fuel Gas Co,United States,4,8JB38FFW1Y3C1HM8E841,70145
E100000000836,Galp Energia SGPS SA,Portugal,4,2138003319Y7NM75FG53,
E100001014626,Kinetik Holdings Inc,United States,4,,1692787
E100000001885,K+S AG,Germany,4,529900YURAYD4IJX2J91,
E100000003769,Pacific Gas and Electric Co,United States,4,1HNPXZSMMB7HMBMVBS46,
E100001015015,HF Sinclair Corp,United States,4,2549009G116AM01XHN24,1915657
E100000152286,Norsk Hydro ASA,Norway,4,549300N1SDN71ZZ8BO45,
E100002003582,Intesa Sanpaolo SpA,Italy,4,2W8N8UU78PMDQKZENC08,
E100002007932,Otter Tail Corp,United States,4,,1466593
E100000001315,UGI Corp,United States,4,DX6GCWD4Q1JO9CRE5I40,884614
E100001011055,Crédit Agricole SA,France,3,969500TJ5KRTCJQWXH05,
E100001014758,Fluxys Belgium NV/SA,Belgium,3,52990071WX2UW1WNHC16,
E100000001275,PBF Energy Inc,United States,3,2549003PBEDCSZMZIY02,1534504
E100002011849,Gascogne SA,France,3,969500DQD951FFTQHE77,
E100000150598,Acciona SA,Spain,3,54930002KP75TLLLNO21,
E100000130743,Acerinox SA,Spain,3,95980020140005582721,
E100000000031,Voestalpine AG,Austria,3,529900ZAXBMQDIWPNB72,
E100000000774,Yara International ASA,Norway,3,213800WKOUWXWFJ5Z514,
E100001012563,Vår Energi AS,Norway,3,549300LIVN3FFOJN2K47,
E100001011522,Oberbank AG,Austria,3,RRUN0TCQ1K2JDV7MXO75,
E100000131005,Viohalco SA,Belgium,3,549300U0BOLVY36TGJ31,
E100000130696,Outokumpu Oyj,Finland,3,5493009YRUJJDCFF0R80,
E100001016035,Western Midstream Partners LP,United States,3,,1423902
E100001000407,Anglo American PLC,United Kingdom,3,549300S9XF92D1X8ME43,
E100001000663,EVRAZ PLC,United Kingdom,3,5493005B7DAN39RXLK23,
E100002004041,Ferrexpo PLC,United Kingdom,3,213800CEDKSNUTPAQZ41,
E100001011243,Essity AB,Sweden,3,549300G8E6YUVJ1DA153,
E100000132348,Warrior Met Coal Inc,United States,3,549300152B1S9YKBYV79,1691303
E100000000735,Akzo Nobel NV,Netherlands,3,724500XYIJUGXAA5QD70,
E100000001586,Motor Oil Hellas SA,Greece,3,213800U3Y9UL7Y4QVM11,
E100000001597,Newmont Corp,United States,3,549300VSP3RIX7FGDZ51,1164727
E100001014433,Chesapeake Utilities Corp,United States,3,254900WW0FDCKAOCKE74,19745
E100000000025,Lenzing AG,Austria,3,529900BKFJBI0QRDJH63,
E100001000174,Schroders PLC,United Kingdom,3,2138001YYBULX5SZ2H24,
E100001014874,NGL Energy Partners LP,United States,3,5299005YSRP46BE8Z459,1504461
E100001015850,Plains GP Holdings LP,United States,3,549300O56BSKRD8FAM12,1581990
E100000001137,Alphabet Inc,United States,3,5493006MHB84DD0ZWV18,1652044
E100002002945,abrdn PLC,United Kingdom,3,0TMBS544NMO7GLCE7H90,
E100000001303,TexGen Power LLC,United States,3,5493003XDLS9LCQ3SY55,
E100000000353,Seaboard Corp,United States,3,87Q3KOXT29OW9W9YPT70,88121
E100001014582,Diamondback Energy Inc,United States,3,549300R22LSX6OHWEN64,1539838
E100000001265,New Fortress Energy Inc,United States,3,254900EICTYTCHA5X705,1749723
E100000001307,The Procter & Gamble Co,United States,3,2572IBTT8CCZW6AU4141,80424
E100000001905,Wacker Chemie AG,Germany,2,0NURKC5Q3CJYZPPK5046,
E100002016647,Mohawk Industries Inc,United States,2,549300JI1115MG3Q6322,851968
E100002016630,KBC Groep NV,Belgium,2,213800X3Q9LSAKRUWY91,
E100002005176,Breedon Group PLC,United Kingdom,2,213800DQGNQE3X76WS92,
E100002006768,Hoffman Green Cement Technologies SA,France,2,9695000ETCC5C2IUVB29,
E100001014363,Delek Logistics Partners LP,United States,2,549300UVYITDIU51P724,1552797
E100000000991,BKW AG,Switzerland,2,549300IE30SKTUO98Q38,
E100002016305,BKV Corp,United States,2,549300S3T4Z01TRFU656,1838406
E100000149640,Savannah Energy PLC,United Kingdom,2,2138002YCJORSFH5YR43,
E100001015543,New Jersey Resources Corp,United States,2,549300QKBSQBIX4DQ583,356309
E100000001260,Morgan Stanley ,United States,2,IGJSJL3JD5P30I6NJZ34,751478
E100000131604,Ferroglobe PLC,United Kingdom,2,2138005GCFJACFTZUD90,
E100000000741,LyondellBasell Industries NV,United Kingdom,2,BN6WCCZ8OVP3ITUUVN49,
E100001012038,Par Pacific Holdings Inc,United States,2,549300BTNS7MHSHRLR55,821483
E100001014347,CHS Inc,United States,2,XEIEFTLYDQ1MZ6TZV015,
E100000000747,Stellantis NV,Netherlands,2,549300LKT9PW7ZIBDF31,
E100002016955,DigitalBridge Group Inc,United States,2,549300XG87L902AGBO89,1679688
E100001014694,Equitrans Midstream Corp,United States,2,549300RH0NLJNZ5SXU64,
E100001015325,Spire Inc,United States,2,549300NXSY15DRY2R511,1126956
E100001015290,MasTec Inc,United States,2,549300TMDIT8WREDOF45,15615
E100001016091,EQT Corp,United States,2,4NT01YGM4X7ZX86ISY52,33213
E100001000937,Microsoft Corp,United States,2,INR2EJN1ERAN0W5ZP974,789019
E100001016206,Apollo Global Management Inc,United States,2,254900LMFT1CY9IYB476,1858681
E100000132496,Altri SGPS SA,Portugal,2,213800AKSTYRLHY3X497,
E100001010234,Goldman Sachs Group Inc,United States,2,784F5XWPLTWKTBV3E584,886982
E100002002980,Holmen AB,Sweden,2,52990080SH3454F0QE68,
E100000000424,Linde PLC,United Kingdom,2,5299003QR1WT0EF88V51,
E100000001271,Olin Corp,United States,2,549300GKK294V7W57P06,74303
E100001014067,Aker BP ASA,Norway,2,549300NFTY73920OYK69,
E100000001895,Siemens Energy AG,Germany,2,5299005CHJZ14D4FDJ62,
E100000000368,Neste Oyj,Finland,2,5493009GY1X8GQ66AM14,
E100000001873,Mercedes-Benz Group AG,Germany,2,529900R27DL06UVNT076,
E100001016841,Sylvamo Corp,United States,2,5493001AOYU1ZOWOC971,1856485
E100000001122,SDCL Energy Efficiency Income Trust PLC,United Kingdom,2,213800ZPSC7XUVD3NL94,
E100000002326,SunCoke Energy Inc,United States,2,1KF1J2NXQE2PI0QOB943,1514705
E100000001379,Antin Infrastructure Partners SAS,France,2,2138004PVNAV1E9SZP35,
E100001015606,OKEA ASA,Norway,2,549300H385IGBB58CN91,
E100001014677,Energean PLC,United Kingdom,1,549300RVMKU0CYUZBB05,
E100002019782,DNB Bank ASA,Norway,1,549300GKFG0RYRRQ1414,
E100001014954,EOG Resources Inc,United States,1,XWTZDRYZPBUHIQBKDB46,821189
E100002007205,Martin Marietta Materials Inc,United States,1,5299005MZ4WZECVATV08,916076
E100001015137,FTAI Infrastructure Inc,United States,1,,1899883
E100001014154,Etablissements Maurel & Prom SA,France,1,969500ZTYI9C1C594X25,
E100002006269,Peab AB,Sweden,1,549300FQS4VD3153I854,
E100000155483,Atmos Energy Corp,United States,1,QVLWEGTD2S8GJMO8D383,731802
E100001014568,BlueNord ASA,Norway,1,5967007LIEEXZXGE3C16,
E100001014572,Delek US Holdings Inc,United States,1,5493003O53JMENV1N385,1694426
E100001014952,HitecVision AS,Norway,1,549300EZZVN3X88FFF47,
E100002007792,Compagnie De Saint-Gobain SA,France,1,NFONVGN05Z0FMN5PEC35,
E100001014793,Gas Plus SpA,Italy,1,815600CF7B5169BBF109,
E100002005151,DNO ASA,Norway,1,5967007LIEEXZXH3K072,
E100000001212,Exelon Corp,United States,1,3SOUA6IRML7435B56G12,1109357
E100002017760,Summit Midstream Corp,United States,1,,2024218
E100002017821,Banco Santander SA,Spain,1,5493006QMFDDMYWIAM13,
E100001011690,Eversource Energy ,United States,1,SJ7XXD41SQU3ZNWUJ746,72741
E100000001126,Tate & Lyle PLC,United Kingdom,1,2138008K14474WPKZ244,
E100001011003,Caterpillar Inc,United States,1,WRJR7GS4GTRECRRTVX92,18230
E100002018551,GE Vernova Inc,United States,1,254900DP080RU6OK2553,1996810
E100000003609,NET Power Inc,United States,1,,1845437
E100002007946,Excelerate Energy Inc,United States,1,254900J6DPU4HB368I65,1888447
E100000000773,Wärtsilä Oyj,Finland,1,743700G7A9J1PHM3X223,
E100002005662,Eastman Chemical Co,United States,1,FDPVHDGJ1IQZFK9KH630,915389
E100000120426,Eramet SA,France,1,549300LUH78PG2MP6N64,
E100002016367,Greenidge Generation Holdings Inc,United States,1,,1844971
E100000000051,Tessenderlo Group ,Belgium,1,549300ZKLIF7RP6EH823,
E100000152186,Heineken NV,Netherlands,1,724500K5PTPSST86UQ23,
E100000001975,Avio SpA,Italy,1,8156008F25C4B0E7C860,
E100000001977,ERG SpA,Italy,1,8156004604684CA44A90,
E100000002474,AstraZeneca PLC,United Kingdom,1,PY6ZZQWO2IZFZC3IOL08,
E100002000725,Starwood Real Estate Income Trust Inc,United States,1,5493001K8NJSB0VWJ635,
E100000000397,Bertelsmann SE & Co KGaA,Germany,1,5299001BUUGXAREGE533,
E100000001880,Henkel AG & Co. KGaA,Germany,1,549300VZCL1HTH4O4Y49,
E100000001195,Dupont Inc,United States,1,5493004JF0SDFLM8GD76,1666700
E100002004703,DCC PLC,Ireland,1,213800UPS1QEE4TD3T45,
E100000001215,FMC Corp,United States,1,CKDHZ2X64EEBQCSP7013,37785
E100002001024,Porsche Automobil Holding SE,Germany,1,52990053Z17ZYM1KFV27,
E100001015007,Ferrovial SE,Netherlands,1,72450022R2ZFL41Y6I04,
E100002016943,Maire SpA,Italy,1,815600D85A61200A1B83,
E100000131654,Hallador Energy Co,United States,1,254900GKEQRHOI2SSC19,788965
E100002009022,Sonoco Products Co,United States,1,GKOMIK4RDJGHEF0VNP11,91767
E100002009177,HMS Bergbau AG,Germany,1,5299004BSTX10BXHV941,
E100001016504,Synthesis Energy Systems Inc,United States,1,5493002R28ZAJ5JZY011,1375063
E100000131392,Bisichi PLC,United Kingdom,1,213800RRWN6ZBPW2ZV03,
E100002003989,Rana Gruber ASA,Norway,1,5493003MBTQHX9VNKN13,
E100000131012,Metallus Inc,United States,1,549300QZTZWHDE9HJL14,1598428
E100000130755,Leggett & Platt Inc,United States,1,DKOVQUCDW4ZLYCUD4T55,
E100000130706,Danieli & C Officine Meccaniche SpA,Italy,1,815600B4B8C6A353E566,
E100000000837,Mota-Engil SGPS SA,Portugal,1,549300L6RR1203WN9F57,
E100002009511,Rottneros AB,Sweden,1,213800DM8OBVX8QWUR14,
E100002016964,Société Financière Des Sucres SA,Belgium,1,549300BNBJMO4DUS6P16,
E100000133586,Voltalia SA,France,1,969500KE938Z79ZH1N44,
E100002016804,CropEnergies AG,Germany,1,529900FXN57YQ7H5S098,
E100002016829,LEG Immobilien SE,Germany,1,391200SO40AKONBO0Z96,
E100002010547,Séché Environnement SA,France,1,969500R9ENNIN33POO20,
E100000135814,Ameresco Inc,United States,1,529900NZXZGBCBXYY327,1488139
E100000152701,Romande Energie Holding SA,Switzerland,1,9676008XQ71KDFYUC315,
E100002016729,Webuild SpA,Italy,1,549300UKR289DF4UXQ47,
E100000132909,Svenska Cellulosa SCA AB,Sweden,1,549300FW5JDRV1IJ0M67,
E100002016863,Global Dominion Access SA,Spain,1,95980020140005225955,
E100000120754,LANXESS AG,Germany,1,529900PTLRE72EMYIJ77,
E100002017187,OPAL Fuels Inc,United States,1,529900ATA8EX6J0VUZ84,1842279
E100002016809,Danone SA,France,1,969500KMUQ2B6CBAF162,
E100002007354,Monarch Cement Co,United States,1,549300ZMPJCNSENB3O72,735190
