entity_id,name,hq,n_assets,lookthrough_assets,lei,permid,cik,has_lei,has_cik,has_permid,gleif_status,gleif_category
E100000001194,Duke Energy Corp,United States,158,146.00945999999988,I1BZKREC126H0VB1BL91,4295903896,1326160.0,True,True,True,ACTIVE,GENERAL
E100000000382,ENGIE SA,France,156,92.20924800000007,LAXUQCHT4FH58LRZDY46,4295866806,,True,False,True,ACTIVE,GENERAL
E100001014534,Snam SpA,Italy,156,134.5710012,8156002278562044AF79,4295875615,,True,False,True,ACTIVE,GENERAL
E100000001309,Southern Co,United States,115,110.06,549300FC3G3YU2FBZD92,4295903239,92122.0,True,True,True,ACTIVE,GENERAL
E100000000746,Shell PLC,United Kingdom,110,56.106500000000025,21380068P1DRHMJ8KU70,4295885039,,True,False,True,ACTIVE,GENERAL
E100000000414,Heidelberg Materials AG,Germany,108,99.21024428,LZ2C6E0W5W7LQMX5ZI37,4295868961,,True,False,True,ACTIVE,GENERAL
E100000000387,TotalEnergies SE,France,106,43.69349999999992,529900S21EQ1BO4ESM68,5001170594,,True,False,True,ACTIVE,GENERAL
E100000001155,Berkshire Hathaway Inc,United States,104,92.777,5493000C01ZX7D35SD85,4295908552,1067983.0,True,True,True,ACTIVE,GENERAL
E100001000571,Holcim Ltd,Switzerland,103,95.45299999999996,529900EHPFPYHV6IQO98,4295890620,,True,False,True,ACTIVE,GENERAL
E100000000610,Eni SpA,Italy,99,51.9006,BUCRF72VH5RBN7X3VL35,4295875633,,True,False,True,ACTIVE,GENERAL
E100000001322,Vistra Corp,United States,92,90.65,549300KP43CPCUJOOG15,5052137229,1692819.0,True,True,True,ACTIVE,GENERAL
E100001000208,Constellation Energy Corp,United States,91,87.83999999999999,549300F8Y20RYGNGV346,5081500884,1868275.0,True,True,True,ACTIVE,GENERAL
E100000000433,RWE AG,Germany,76,71.37700000000001,529900GB7KCA94ACC940,4295869049,,True,False,True,ACTIVE,GENERAL
E100000001213,Exxon Mobil Corp,United States,72,34.156,J3WHBG0MTS7O8ZVMDC91,4295912121,34088.0,True,True,True,ACTIVE,GENERAL
E100000001247,KKR & Co. Inc,United States,69,42.64342250000002,54930013V5I303TF9571,5083144032,1404912.0,True,True,True,ACTIVE,GENERAL
E100000000968,Endesa SA,Spain,68,67.0,549300LHK07F2CHV4X31,4295889287,,True,False,True,ACTIVE,GENERAL
E100001014294,Energy Transfer LP,United States,68,44.639,MTLVN9N7JE8MIBIJ1H73,4295914798,1276187.0,True,True,True,ACTIVE,GENERAL
E100001014505,Enagás SA,Spain,65,52.5171204,213800OU3FQKGM4M2U23,4295889502,,True,False,True,ACTIVE,GENERAL
E100000001262,NRG Energy Inc,United States,63,54.655,5E2UPK5SW04M13XY7I38,4295912211,1013871.0,True,True,True,ACTIVE,GENERAL
E100000001329,Xcel Energy Inc,United States,62,58.55,LGJNMI9GH8XIDG5RCM61,4295904627,72903.0,True,True,True,ACTIVE,GENERAL
E100000131458,CRH PLC,Ireland,61,52.80299999999998,549300MIDJNNTH068E74,4295874867,,True,False,True,ACTIVE,GENERAL
E100000001245,Kinder Morgan Inc,United States,61,37.496500000000005,549300WR7IX8XE0TBO16,4298464085,1506307.0,True,True,True,ACTIVE,GENERAL
E100000001140,American Electric Power Company Inc,United States,59,58.23,1B4S6S7G0TW5EE83BO58,4295903333,4904.0,True,True,True,ACTIVE,GENERAL
E100000001210,Evergy Inc,United States,56,54.22,549300PGTHDQY6PSUI61,5057833759,1711269.0,True,True,True,ACTIVE,GENERAL
E100002016384,Bridgepoint Group PLC,United Kingdom,54,16.5,213800KFNMVI8PDZX472,5067514871,,True,False,True,ACTIVE,GENERAL
E100001014282,Enterprise Products Partners LP,United States,54,44.765,K4CDIF4M54DJZ6TB4Q48,4295901413,1061219.0,True,True,True,ACTIVE,GENERAL
E100000001193,Dominion Energy Inc,United States,53,52.0,ILUL7B6Z54MRYCF6H308,5001437767,715957.0,True,True,True,ACTIVE,GENERAL
E100000001096,BP PLC,United Kingdom,53,25.5535,213800LH1BZH3DI6G760,4295894740,,True,False,True,ACTIVE,GENERAL
E100000001267,NextEra Energy Inc,United States,52,47.548,254900RHL9MEUS5NKX63,4295903955,753308.0,True,True,True,ACTIVE,GENERAL
E100000000388,Veolia Environnement SA,France,51,40.81867999999999,969500LENY69X51OOT31,4295867473,,True,False,True,ACTIVE,GENERAL
E100000000457,Uniper SE,Germany,49,45.775000000000006,549300UXRTWGIBZQ4J67,5051387035,,True,False,True,ACTIVE,GENERAL
E100000001158,Blackstone Inc,United States,46,25.62943562000001,5299004LW4QWGZUB8Y96,4295902706,1393818.0,True,True,True,ACTIVE,GENERAL
E100002005243,Buzzi SpA,Italy,46,41.918000000000006,5299003DX5YLKSVJ6K59,4295875751,,True,False,True,ACTIVE,GENERAL
E100000000407,EnBW Energie Baden-Württemberg AG,Germany,46,36.937064000000014,529900JSFZ4TS59HKD79,4295869310,,True,False,True,ACTIVE,GENERAL
E100000001241,International Paper Co,United States,43,42.0,824LMFJDH41EY779Q875,4295903177,51434.0,True,True,True,ACTIVE,GENERAL
E100000004265,Union Electric Co,United States,42,42.0,QMPJLLDULY5C1M8PNY21,4295900914,100826.0,True,True,True,ACTIVE,GENERAL
E100000001305,AES Corp,United States,42,32.767489999999995,2NUNNB7D43COUIRE5295,4295903289,874761.0,True,True,True,ACTIVE,GENERAL
E100001014325,Plains All American Pipeline LP,United States,40,25.382,5521FA2ITF25TVH63740,4295904749,1070423.0,True,True,True,ACTIVE,GENERAL
E100001015278,ONEOK Inc,United States,39,29.950000000000003,2T3D6M0JSY48PSZI1Q41,4295904660,1039684.0,True,True,True,ACTIVE,GENERAL
E100002006770,UBS Fund Management (Switzerland) AG,Switzerland,37,1.4850000000000008,5493003QNP1E68GGMZ05,5000045580,,True,False,True,ACTIVE,GENERAL
E100000001005,UBS Group AG,Switzerland,36,2.284925999999999,549300SZJ9VS8SGXAN81,5043337560,,True,False,True,ACTIVE,GENERAL
E100000001282,Phillips 66 ,United States,35,20.002692,5493005JBO5YSIGK1814,5037128948,1534701.0,True,True,True,ACTIVE,GENERAL
E100000000608,Enel SpA,Italy,35,33.5,WOCMU6HCI0OJWNPRZS33,4295875798,,True,False,True,ACTIVE,GENERAL
E100000001283,Pinnacle West Capital Corp,United States,35,34.26,TWSEY0NEDUDCKS27AH81,4295904735,764622.0,True,True,True,ACTIVE,GENERAL
E100000001324,WEC Energy Group Inc,United States,34,31.17,549300IGLYTZUK3PVP70,4295905346,783325.0,True,True,True,ACTIVE,GENERAL
E100002004748,DTE Energy Co,United States,32,28.67,549300IX8SD6XXD71I78,4295903858,936340.0,True,True,True,ACTIVE,GENERAL
E100000000978,Naturgy Energy Group SA,Spain,31,24.523999999999997,TL2N6M87CW970S5SV098,4295889554,,True,False,True,ACTIVE,GENERAL
E100000001454,E.ON SE,Germany,30,23.148000000000003,Q9MAIUP40P25UFBFG033,5057957727,,True,False,True,ACTIVE,GENERAL
E100000001116,National Grid PLC,United Kingdom,28,28.0,8R95QZMKZLJX5Q2XR704,4295894468,,True,False,True,ACTIVE,GENERAL
E100001011247,ConocoPhillips Corp,United States,28,5.111999999999999,WPTL2Z3FIYTHSP5V2253,4295903051,1163165.0,True,True,True,ACTIVE,GENERAL
E100000001173,Carlyle Group Inc,United States,28,17.781,529900NGGVF94UK6PG95,5035741840,1527166.0,True,True,True,ACTIVE,GENERAL
E100000001223,General Electric Co,United States,27,12.213,3C7474T6CDKPR9K6YT90,4295903128,40545.0,True,True,True,ACTIVE,GENERAL
E100000001269,OGE Energy Corp,United States,27,24.81000000000001,CE5OG6JPOZMDSA0LAQ19,4295904641,1021635.0,True,True,True,ACTIVE,GENERAL
E100000002988,Entergy Louisiana LLC,United States,27,25.64,0V5453U14HDZO63CGH17,5047103934,,True,False,True,ACTIVE,GENERAL
E100000000766,Equinor ASA,Norway,27,13.759999999999998,OW6OFBNCKXC4US5C7523,4295885689,,True,False,True,ACTIVE,GENERAL
E100000000476,Public Power Corporation SA,Greece,27,27.0,213800T9Y5XCOVRZ4Y57,4295870585,,True,False,True,ACTIVE,GENERAL
E100000001278,PPL Corp,United States,26,24.79,9N3UAJSNOUXFKQLF3V18,4295912225,922224.0,True,True,True,ACTIVE,GENERAL
E100001000400,Glencore PLC,Switzerland,24,18.34705,2138002658CPO9NBH955,5034844193,,True,False,True,ACTIVE,GENERAL
E100000000602,A2A SpA,Italy,24,23.0,81560076E3944316DB24,5000005309,,True,False,True,ACTIVE,GENERAL
E100001000649,Cleveland-Cliffs Inc,United States,23,22.853,549300TM2WLI2BJMDD86,4295903753,764065.0,True,True,True,ACTIVE,GENERAL
E100000131246,Alpha Metallurgical Resources Inc,United States,23,23.0,254900VEBGZO2PY8R678,5051761058,1704715.0,True,True,True,ACTIVE,GENERAL
E100000000975,Iberdrola SA,Spain,23,21.5,5QK37QC7NWOJ8D7WVQ45,4295889602,,True,False,True,ACTIVE,GENERAL
E100000001209,Entergy Corp,United States,22,17.65,4XM3TW50JULSLG8BNC79,4295903931,65984.0,True,True,True,ACTIVE,GENERAL
E100000000369,Stora Enso Oyj,Finland,22,15.129188,7437000ZP669LKUTZ738,4295866448,,True,False,True,ACTIVE,GENERAL
E100000003523,Mainova AG,Germany,21,7.879195530367999,529900V3S3C2QZPTD593,4295869544,,True,False,True,ACTIVE,GENERAL
E100000001534,JPMorgan Chase & Co Corp,United States,21,5.145192,8I5DZWZKVSZI1NUHU748,5000021791,19617.0,True,True,True,ACTIVE,GENERAL
E100000001135,Alliant Energy Corp,United States,21,17.630000000000003,5493009ML300G373MZ12,4295911995,352541.0,True,True,True,ACTIVE,GENERAL
E100000002899,Edison SpA,Italy,21,19.25,529900WS2E20BA5J4L49,4295875687,,True,False,True,ACTIVE,GENERAL
E100000000372,UPM-Kymmene Oyj,Finland,20,15.900184,213800EC6PW5VU4J9U64,4295866353,,True,False,True,ACTIVE,GENERAL
E100000001123,SSE PLC,United Kingdom,20,16.5,549300KI75VYLLMSK856,4295894191,,True,False,True,ACTIVE,GENERAL
E100001014841,Williams Companies Inc,United States,20,17.608,D71FAKCBLFS2O0RBPG08,4295905343,107263.0,True,True,True,ACTIVE,GENERAL
E100001010181,Nucor Corp,United States,20,19.51,549300GGJCRSI2TIEJ46,4295904636,73309.0,True,True,True,ACTIVE,GENERAL
E100001011985,Hawaiian Electric Industries Inc,United States,19,19.0,JJ8FWOCWCV22X7GUPJ23,4295903153,354707.0,True,True,True,ACTIVE,GENERAL
E100001015054,MPLX LP,United States,19,10.928999999999998,5493000CZJ19CK4P3G36,5037631789,1552000.0,True,True,True,ACTIVE,GENERAL
E100002002419,Vicat SA,France,19,18.057,9695009YI1863TOVDP79,4295868605,,True,False,True,ACTIVE,GENERAL
E100000000428,Munich RE AG,Germany,19,2.51515,529900MUF4C20K50JS49,4295868986,,True,False,True,ACTIVE,GENERAL
E100001000402,Peabody Energy Corp,United States,19,15.45604,EJCO258LNNVSKAR2JX59,4295899655,1064728.0,True,True,True,ACTIVE,GENERAL
E100000001164,CMS Energy Corp,United States,19,16.93,549300IA9XFBAGNIBW29,4295903636,811156.0,True,True,True,ACTIVE,GENERAL
E100000000980,Repsol SA,Spain,18,12.998,BSYCX13Y0NOTV14V9N85,4295889563,,True,False,True,ACTIVE,GENERAL
E100000152192,Partners Group Holding AG,Switzerland,18,18.0,549300I3IVVWZWDHI788,5000073739,,True,False,True,ACTIVE,GENERAL
E100000001270,Occidental Petroleum Corp,United States,18,5.696000000000001,IM7X0T3ECJW4C1T7ON55,4295904645,797468.0,True,True,True,ACTIVE,GENERAL
E100000000030,Verbund AG,Austria,18,7.179721999999998,5299006UDSEJCTTEJS30,4295859071,,True,False,True,ACTIVE,GENERAL
E100001014304,Loews Corp,United States,17,17.0,R8V1FN4M5ITGZOG7BS19,4295902026,60086.0,True,True,True,ACTIVE,GENERAL
E100001000641,Archer-Daniels-Midland Co,United States,17,17.0,549300LO13MQ9HYSTR83,4295903463,7084.0,True,True,True,ACTIVE,GENERAL
E100000001293,Sempra ,United States,17,12.629999999999995,PBBKGKLRK5S5C0Y4T545,4295904901,1032208.0,True,True,True,ACTIVE,GENERAL
E100000000050,Solvay SA,Belgium,16,14.148,549300MMVL80RTBP3O28,4295859421,,True,False,True,ACTIVE,GENERAL
E100000001906,enercity AG,Germany,15,3.419195530368,549300YTRYZPM57T3319,4295870298,,True,False,True,ACTIVE,GENERAL
E100002005704,Titan Cement International SA,Belgium,15,13.239999999999998,213800H2CDP9I374WH83,5066579091,,True,False,True,ACTIVE,GENERAL
E100000000394,Allianz SE,Germany,14,2.4177100000000005,529900K9B0N5BT694847,4295870171,,True,False,True,ACTIVE,GENERAL
E100000001607,Ørsted A/S,Denmark,13,11.077,W9NG6WMZIYEU8VEDOG48,4296730041,,True,False,True,ACTIVE,GENERAL
E100000002718,Clearway Energy Inc,United States,13,11.0,549300LHAZ9HA9G3XC48,5040042118,1567683.0,True,True,True,ACTIVE,GENERAL
E100001010596,State Street Corp,United States,13,0.0294264,549300ZFEEJ2IP5VME73,4295904976,93751.0,True,True,True,ACTIVE,GENERAL
E100000132107,Ramaco Resources Inc,United States,12,12.0,5493001BYUI4TCQOPF70,5052790536,1687187.0,True,True,True,ACTIVE,GENERAL
E100000000426,MVV Energie AG,Germany,12,8.604,529900ISR2VNZV1C0T93,4295869756,,True,False,True,ACTIVE,GENERAL
E100000001384,Ares Management Corp,United States,12,8.356,529900JUV61FH7B8VW38,5000301936,1176948.0,True,True,True,ACTIVE,GENERAL
E100002001305,Associated British Foods PLC,United Kingdom,12,11.6,GBQKSY6W7G0OHCQ8OQ72,4295894968,,True,False,True,ACTIVE,GENERAL
E100000000375,Air Liquide SA,France,12,11.5,969500MMPQVHK671GT54,not found,,True,False,False,ACTIVE,GENERAL
E100001000638,Alliance Resource Partners LP,United States,12,11.88,529900T4Q5UPWOUFG783,4295902977,1086600.0,True,True,True,ACTIVE,GENERAL
E100002003558,Fomento de Construcciones y Contratas SA,Spain,12,11.6701,95980020140005178328,4295889371,,True,False,True,ACTIVE,GENERAL
E100000004212,thyssenkrupp AG,Germany,11,8.65,549300UDG16DOYUPR330,4295869754,,True,False,True,ACTIVE,GENERAL
E100000001157,Black Hills Corp,United States,11,8.722000000000001,3MGELCRSTNSAMJ962671,5001437405,1130464.0,True,True,True,ACTIVE,GENERAL
E100000000834,EDP SA,Portugal,11,8.95,529900CLC3WDMGI9VH80,4295886834,,True,False,True,ACTIVE,GENERAL
E100001000653,Core Natural Resources Inc,United States,11,11.0,549300YJCTPJBTK7IJ81,5056443584,1710366.0,True,True,True,ACTIVE,GENERAL
E100000000027,OMV AG,Austria,11,2.088,549300V62YJ9HTLRI486,4295859007,,True,False,True,ACTIVE,GENERAL
E100000150310,NorthWestern Energy Group Inc,United States,11,7.51,254900N1WG46G1VMDM34,5086723853,1993004.0,True,True,True,ACTIVE,GENERAL
E100001010315,Salzgitter AG,Germany,11,8.899999999999999,529900E12Z6HXIMHFA15,4295869182,,True,False,True,ACTIVE,GENERAL
E100001015599,Sunoco LP,United States,11,11.0,54930001NJU8E40NQ561,5037627752,1552275.0,True,True,True,ACTIVE,GENERAL
E100000000395,BASF SE,Germany,11,6.788100000000001,529900PM64WH8AF1E917,4295869198,,True,False,True,ACTIVE,GENERAL
E100002004300,Brookfield Asset Management Ltd,United States,10,5.5,549300CZ84WPNJZKY093,5073777894,1937926.0,True,True,True,ACTIVE,GENERAL
E100000001114,Mondi PLC,United Kingdom,10,10.0,213800LOZA69QFDC9N34,4295898932,,True,False,True,ACTIVE,GENERAL
E100001000124,Ence Energía y Celulosa SA,Spain,10,7.06,95980020140005309084,4295889570,,True,False,True,ACTIVE,GENERAL
E100000001734,Westlake Corp,United States,10,9.5,GOXNEVUM0LL78B1OS344,4295900037,1262823.0,True,True,True,ACTIVE,GENERAL
E100001001070,Billerud AB,Sweden,9,9.0,549300YJUYJ9A24RXL71,4295890183,,True,False,True,ACTIVE,GENERAL
E100002005937,Cementos Molins SA,Spain,9,6.656000000000001,959800JRJW1CZ63R8P20,4295889414,,True,False,True,ACTIVE,GENERAL
E100000001254,Marathon Petroleum Corp,United States,9,3.942,3BNYRYQHD39K4LCKQF12,5001438555,1510295.0,True,True,True,ACTIVE,GENERAL
E100000001235,IDACORP Inc,United States,9,5.6530000000000005,N134NUJDWN8UEFA8B673,4295904215,1057877.0,True,True,True,ACTIVE,GENERAL
E100000152934,Genesis Energy LP,United States,8,5.05,549300VJ5D6MDK138782,4295904063,1022321.0,True,True,True,ACTIVE,GENERAL
E100000001101,Centrica PLC,United Kingdom,8,5.70874,E26EDV109X6EEPBKVH76,4295894725,,True,False,True,ACTIVE,GENERAL
E100001011575,Celanese Corp,United States,8,2.8600000000000003,549300FHJQTDPPN41627,4295899696,1306830.0,True,True,True,ACTIVE,GENERAL
E100001014386,Targa Resources Corp,United States,8,8.0,5493003QENHHS261UR94,5001158057,1389170.0,True,True,True,ACTIVE,GENERAL
E100000130754,Commercial Metals Co,United States,8,8.0,549300OQS2LO07ZJ7N73,4295903763,22444.0,True,True,True,ACTIVE,GENERAL
E100001000488,Coronado Global Resources Inc,United States,8,8.0,549300IGUM6F25CYHK79,5065977556,1770561.0,True,True,True,ACTIVE,GENERAL
E100001012815,Harbour Energy PLC,United Kingdom,7,1.134125,213800YPC42DYBKVPF97,4295895187,,True,False,True,ACTIVE,GENERAL
E100000001198,Edison International Corp,United States,7,7.0,549300I7ROF15MAEVP56,4295903910,827052.0,True,True,True,ACTIVE,GENERAL
E100000000360,Fortum Oyj,Finland,7,5.92,635400IUIZZIUJSAMF76,4295866494,,True,False,True,ACTIVE,GENERAL
E100000132450,Packaging Corporation of America ,United States,7,7.0,549300XZP8MFZFY8TJ84,4295912229,75677.0,True,True,True,ACTIVE,GENERAL
E100001000232,Mercer International Inc,United States,7,6.5,549300Z5IAG39VRTY874,4295908631,1333274.0,True,True,True,ACTIVE,GENERAL
E100000000459,Volkswagen AG,Germany,7,7.0,529900NNUPAGGOMPXZ31,4295869244,,True,False,True,ACTIVE,GENERAL
E100000001177,CenterPoint Energy Inc,United States,7,6.5,21TPXMRRHFKOBHDC8J74,4295912256,1130310.0,True,True,True,ACTIVE,GENERAL
E100000001651,SSAB AB,Sweden,7,6.25,529900329VS14ZIML164,4295889873,,True,False,True,ACTIVE,GENERAL
E100000001713,The Navigator Co,Portugal,7,7.0,549300UNIB7M2AXUXS35,4295886733,,True,False,True,ACTIVE,GENERAL
E100000000436,Siemens AG,Germany,7,2.578,W38RGI023J3WT1HWRP32,4295869238,,True,False,True,ACTIVE,GENERAL
E100000000473,HELLENiQ ENERGY Holdings SA,Greece,7,3.5074999999999994,213800YUBJMZYR1SNG35,4295870610,,True,False,True,ACTIVE,GENERAL
E100000001132,Air Products and Chemicals Inc,United States,7,3.725,7QEON6Y1RL5XR3R1W237,4295903294,2969.0,True,True,True,ACTIVE,GENERAL
E100002005093,Cementir Holding NV,Netherlands,7,5.384,8156008B101B97A43B02,5071500150,,True,False,True,ACTIVE,GENERAL
E100002006131,Eagle Materials Inc,United States,7,6.5,529900KRXRGXL61SG039,4295903695,918646.0,True,True,True,ACTIVE,GENERAL
E100000002169,ALLETE Inc,United States,7,6.8,549300NNLSIMY6Z8OT86,4295904549,66756.0,True,True,True,ACTIVE,GENERAL
E100000001104,Drax Group PLC,United Kingdom,7,7.0,549300YPSNTXR4ZHSR98,4295893846,,True,False,True,ACTIVE,GENERAL
E100000002305,Portland General Electric Co,United States,7,5.4,GJOUP9M7C39GLSK9R870,4295899827,784977.0,True,True,True,ACTIVE,GENERAL
E100000000838,Semapa - Sociedade de Investimento e Gestão SGPS SA,Portugal,7,6.498,549300HNGOW85KIOH584,4295886812,,True,False,True,ACTIVE,GENERAL
E100001016064,Cheniere Energy Partners LP,United States,6,6.0,5493005UEC8AZ34LDV29,4295899625,1383650.0,True,True,True,ACTIVE,GENERAL
E100001000155,Evonik Industries AG,Germany,6,6.0,41GUOJQTALQHLF39XJ34,5000074393,,True,False,True,ACTIVE,GENERAL
E100002021926,City of Vienna ,Austria,6,6.0,529900LTE68PDZBBU805,5000003199,,True,False,True,ACTIVE,RESIDENT_GOVERNMENT_ENTITY
E100001015934,Redes Energéticas Nacionais SGPS SA,Portugal,6,6.0,549300FR1FN48IGHR915,4295886913,,True,False,True,ACTIVE,GENERAL
E100002002718,Vontobel Holding AG,Switzerland,6,1.4700000000000002,529900G69W5VR3DDPW23,8589934180,,True,False,True,ACTIVE,GENERAL
E100000001186,Consolidated Edison Inc,United States,6,4.16,54930033SBW53OO8T749,4295903098,1047862.0,True,True,True,ACTIVE,GENERAL
E100000001268,NiSource Inc,United States,6,6.0,549300D8GOWWH0SJB189,4295911971,1111711.0,True,True,True,ACTIVE,GENERAL
E100001011576,Clariant AG,Switzerland,6,1.98,529900VSEKBY7TMPP349,4295890576,,True,False,True,ACTIVE,GENERAL
E100000000620,Iren SpA,Italy,6,6.0,8156001EBD33FD474E60,4295875719,,True,False,True,ACTIVE,GENERAL
E100000000021,EVN AG,Austria,6,5.49,529900P4JZBFEVNEAE60,4295859045,,True,False,True,ACTIVE,GENERAL
E100000001277,PNM Resources Inc,United States,6,3.59,5493003JOBJGLZSDDQ28,4295904778,735250.0,True,True,True,ACTIVE,GENERAL
E100002000151,Kemira Oyj,Finland,6,0.207124,74370031Y7RK5H88CQ48,4295866550,,True,False,True,ACTIVE,GENERAL
E100001010336,Steel Dynamics Inc,United States,6,6.0,549300HGGKEL4FYTTQ83,4295908010,1022671.0,True,True,True,ACTIVE,GENERAL
E100001000054,Metsä Board Oyj,Finland,6,2.245,743700KKB8Q035K38488,4295866436,,True,False,True,ACTIVE,GENERAL
E100000000619,Hera SpA,Italy,6,3.2,8156009414FD99443B48,4295875817,,True,False,True,ACTIVE,GENERAL
E100001000636,Alcoa Corp,United States,5,3.7,549300T12EZ1F6PWWU29,5051045063,1675149.0,True,True,True,ACTIVE,GENERAL
E100000132404,Clearwater Paper Corp,United States,5,5.0,549300HCVV19GXN4P292,4298114151,1441236.0,True,True,True,ACTIVE,GENERAL
E100000000475,Metlen Energy & Metals SA,Greece,5,4.65,213800KT8MEUJEJ2KW41,4295870463,,True,False,True,ACTIVE,GENERAL
E100002024593,Braunschweig Beteiligungen GmbH,Germany,5,1.255,529900LBFWIZP20KCC34,not found,,True,False,False,ACTIVE,GENERAL
E100001014430,Cheniere Energy Inc,United States,5,4.5,MIHC87W9WTYSYZWV1J40,4295912846,3570.0,True,True,True,ACTIVE,GENERAL
E100000001321,Valero Energy Corp,United States,5,4.0,549300XTO5VR8SKV1V74,4295905198,,True,False,True,ACTIVE,GENERAL
E100000001169,California Resources Corp,United States,5,3.5,5493003Q8F0T4F4YMR48,5043315813,1609253.0,True,True,True,ACTIVE,GENERAL
E100000136992,Deutsche Bank AG,Germany,5,1.0,7LTWFZYICNSX8D621K86,4295869482,,True,False,True,ACTIVE,GENERAL
E100000001220,FreePort-McMoran Inc,United States,5,2.952,549300IRDTHJQ1PVET45,4295908588,831259.0,True,True,True,ACTIVE,GENERAL
E100001014129,APA Corp,United States,5,3.217,549300VCIWLRHYVSHC79,5080022433,1841666.0,True,True,True,ACTIVE,GENERAL
E100000002180,Avista Corp,United States,5,5.0,Q0IK63NITJD6RJ47SW96,4295912017,104918.0,True,True,True,ACTIVE,GENERAL
E100002000031,Dow Inc,United States,5,4.28,5493003S21INSLK2IP73,5000296881,1751788.0,True,True,True,ACTIVE,GENERAL
E100000000472,"GEK TERNA Holdings, Real Estate, Construction SA",Greece,5,4.5,2138003TO2MTRHWVP686,4295870455,,True,False,True,ACTIVE,GENERAL
E100001010324,Vallourec SA,France,5,2.6,969500P2Q1B47H4MCJ34,4295867374,,True,False,True,ACTIVE,GENERAL
E100001001053,FirstEnergy Corp,United States,5,5.0,549300SVYJS666PQJH88,4295903132,1031296.0,True,True,True,ACTIVE,GENERAL
E100000132862,Rayonier Advanced Materials Inc,United States,4,4.0,54930053QJ7OUGZG4F72,5041065688,1597672.0,True,True,True,ACTIVE,GENERAL
E100001014437,Ithaca Energy PLC,United Kingdom,4,0.628,21380057TNFLXPXBIP34,5071532126,,True,False,True,ACTIVE,GENERAL
E100001014651,Enquest PLC,United Kingdom,4,2.119,2138008LJU6WFQWOXJ73,5000669507,,True,False,True,ACTIVE,GENERAL
E100000000770,Norske Skog ASA,Norway,4,2.2,529900MYY60WXHHY3039,5044365637,,True,False,True,ACTIVE,GENERAL
E100000001119,Rio Tinto PLC,United Kingdom,4,2.4,213800YOEO5OQ72G2R82,4295894786,,True,False,True,ACTIVE,GENERAL
E100000188948,AXA SA,France,4,0.6232200000000001,F5WCUMTUM4RKZ1MAIE39,4295867483,,True,False,True,ACTIVE,GENERAL
E100001014645,National Fuel Gas Co,United States,4,4.0,8JB38FFW1Y3C1HM8E841,4295904586,70145.0,True,True,True,ACTIVE,GENERAL
E100000000836,Galp Energia SGPS SA,Portugal,4,1.85,2138003319Y7NM75FG53,4295886908,,True,False,True,ACTIVE,GENERAL
E100000001885,K+S AG,Germany,4,4.0,529900YURAYD4IJX2J91,4295869106,,True,False,True,ACTIVE,GENERAL
E100000003769,Pacific Gas and Electric Co,United States,4,4.0,1HNPXZSMMB7HMBMVBS46,4296491144,,True,False,True,ACTIVE,GENERAL
E100001015015,HF Sinclair Corp,United States,4,3.5,2549009G116AM01XHN24,5082447835,1915657.0,True,True,True,ACTIVE,GENERAL
E100000152286,Norsk Hydro ASA,Norway,4,0.5770000000000001,549300N1SDN71ZZ8BO45,4295885456,,True,False,True,ACTIVE,GENERAL
E100002003582,Intesa Sanpaolo SpA,Italy,4,0.5233800000000001,2W8N8UU78PMDQKZENC08,4295875735,,True,False,True,ACTIVE,GENERAL
E100000001315,UGI Corp,United States,4,4.0,DX6GCWD4Q1JO9CRE5I40,5000054762,884614.0,True,True,True,ACTIVE,GENERAL
E100001011055,Crédit Agricole SA,France,3,0.2,969500TJ5KRTCJQWXH05,8589934312,,True,False,True,ACTIVE,GENERAL
E100001014758,Fluxys Belgium NV/SA,Belgium,3,2.225,52990071WX2UW1WNHC16,4295859619,,True,False,True,ACTIVE,GENERAL
E100000001275,PBF Energy Inc,United States,3,3.0,2549003PBEDCSZMZIY02,5036398194,1534504.0,True,True,True,ACTIVE,GENERAL
E100002011849,Gascogne SA,France,3,3.0,969500DQD951FFTQHE77,4295867618,,True,False,True,ACTIVE,GENERAL
E100000150598,Acciona SA,Spain,3,2.25,54930002KP75TLLLNO21,4295889303,,True,False,True,ACTIVE,GENERAL
E100000130743,Acerinox SA,Spain,3,2.76,95980020140005582721,4295889546,,True,False,True,ACTIVE,GENERAL
E100000000031,Voestalpine AG,Austria,3,3.0,529900ZAXBMQDIWPNB72,4295858976,,True,False,True,ACTIVE,GENERAL
E100000000774,Yara International ASA,Norway,3,3.0,213800WKOUWXWFJ5Z514,4295885383,,True,False,True,ACTIVE,GENERAL
E100001012563,Vår Energi AS,Norway,3,0.165,549300LIVN3FFOJN2K47,4297340468,,True,False,True,ACTIVE,GENERAL
E100001011522,Oberbank AG,Austria,3,0.117572,RRUN0TCQ1K2JDV7MXO75,4295859095,,True,False,True,ACTIVE,GENERAL
E100000131005,Viohalco SA,Belgium,3,2.926,549300U0BOLVY36TGJ31,5040438569,,True,False,True,ACTIVE,GENERAL
E100000130696,Outokumpu Oyj,Finland,3,3.0,5493009YRUJJDCFF0R80,4295866315,,True,False,True,ACTIVE,GENERAL
E100001000407,Anglo American PLC,United Kingdom,3,2.61,549300S9XF92D1X8ME43,4295896494,,True,False,True,ACTIVE,GENERAL
E100001000663,EVRAZ PLC,United Kingdom,3,2.51,5493005B7DAN39RXLK23,5036227579,,True,False,True,ACTIVE,GENERAL
E100002004041,Ferrexpo PLC,United Kingdom,3,3.0,213800CEDKSNUTPAQZ41,4295897873,,True,False,True,ACTIVE,GENERAL
E100001011243,Essity AB,Sweden,3,3.0,549300G8E6YUVJ1DA153,5052544698,,True,False,True,ACTIVE,GENERAL
E100000132348,Warrior Met Coal Inc,United States,3,3.0,549300152B1S9YKBYV79,5050702187,1691303.0,True,True,True,ACTIVE,GENERAL
E100000000735,Akzo Nobel NV,Netherlands,3,3.0,724500XYIJUGXAA5QD70,4295884730,,True,False,True,ACTIVE,GENERAL
E100000001586,Motor Oil Hellas SA,Greece,3,1.85,213800U3Y9UL7Y4QVM11,4295870779,,True,False,True,ACTIVE,GENERAL
E100000001597,Newmont Corp,United States,3,1.17,549300VSP3RIX7FGDZ51,4295904618,1164727.0,True,True,True,ACTIVE,GENERAL
E100001014433,Chesapeake Utilities Corp,United States,3,3.0,254900WW0FDCKAOCKE74,4295903722,19745.0,True,True,True,ACTIVE,GENERAL
E100000000025,Lenzing AG,Austria,3,2.5090000000000003,529900BKFJBI0QRDJH63,4295859038,,True,False,True,ACTIVE,GENERAL
E100001000174,Schroders PLC,United Kingdom,3,2.25,2138001YYBULX5SZ2H24,4295895179,,True,False,True,ACTIVE,GENERAL
E100001014874,NGL Energy Partners LP,United States,3,3.0,5299005YSRP46BE8Z459,5001546121,1504461.0,True,True,True,ACTIVE,GENERAL
E100001015850,Plains GP Holdings LP,United States,3,3.0,549300O56BSKRD8FAM12,5040195514,1581990.0,True,True,True,ACTIVE,GENERAL
E100000001137,Alphabet Inc,United States,3,0.993,5493006MHB84DD0ZWV18,5030853586,1652044.0,True,True,True,ACTIVE,GENERAL
E100002002945,abrdn PLC,United Kingdom,3,1.48,0TMBS544NMO7GLCE7H90,4295897744,,True,False,True,ACTIVE,GENERAL
E100000001303,TexGen Power LLC,United States,3,3.0,5493003XDLS9LCQ3SY55,5064689046,,True,False,True,ACTIVE,GENERAL
E100000000353,Seaboard Corp,United States,3,3.0,87Q3KOXT29OW9W9YPT70,4295904896,88121.0,True,True,True,ACTIVE,GENERAL
E100001014582,Diamondback Energy Inc,United States,3,0.692,549300R22LSX6OHWEN64,5037314809,1539838.0,True,True,True,ACTIVE,GENERAL
E100000001265,New Fortress Energy Inc,United States,3,2.4,254900EICTYTCHA5X705,5056702528,1749723.0,True,True,True,ACTIVE,GENERAL
E100000001307,The Procter & Gamble Co,United States,3,3.0,2572IBTT8CCZW6AU4141,4295903247,80424.0,True,True,True,ACTIVE,GENERAL
E100000001905,Wacker Chemie AG,Germany,2,2.0,0NURKC5Q3CJYZPPK5046,4295869118,,True,False,True,ACTIVE,GENERAL
E100002016647,Mohawk Industries Inc,United States,2,1.0,549300JI1115MG3Q6322,4295904551,851968.0,True,True,True,ACTIVE,GENERAL
E100002016630,KBC Groep NV,Belgium,2,0.011627,213800X3Q9LSAKRUWY91,8589934262,,True,False,True,ACTIVE,GENERAL
E100002005176,Breedon Group PLC,United Kingdom,2,2.0,213800DQGNQE3X76WS92,5060670462,,True,False,True,ACTIVE,GENERAL
E100002006768,Hoffman Green Cement Technologies SA,France,2,2.0,9695000ETCC5C2IUVB29,5060674006,,True,False,True,ACTIVE,GENERAL
E100001014363,Delek Logistics Partners LP,United States,2,0.8300000000000001,549300UVYITDIU51P724,5037639228,1552797.0,True,True,True,ACTIVE,GENERAL
E100000000991,BKW AG,Switzerland,2,0.85,549300IE30SKTUO98Q38,5036198012,,True,False,True,ACTIVE,GENERAL
E100002016305,BKV Corp,United States,2,1.0,549300S3T4Z01TRFU656,5079232949,1838406.0,True,True,True,ACTIVE,GENERAL
E100000149640,Savannah Energy PLC,United Kingdom,2,1.4,2138002YCJORSFH5YR43,5043332835,,True,False,True,ACTIVE,GENERAL
E100001015543,New Jersey Resources Corp,United States,2,2.0,549300QKBSQBIX4DQ583,4295904609,356309.0,True,True,True,ACTIVE,GENERAL
E100000001260,Morgan Stanley ,United States,2,2.0,IGJSJL3JD5P30I6NJZ34,4295904557,751478.0,True,True,True,ACTIVE,GENERAL
E100000131604,Ferroglobe PLC,United Kingdom,2,2.0,2138005GCFJACFTZUD90,5045943900,,True,False,True,ACTIVE,GENERAL
E100000000741,LyondellBasell Industries NV,United Kingdom,2,2.0,BN6WCCZ8OVP3ITUUVN49,5000737707,,True,False,True,ACTIVE,GENERAL
E100001012038,Par Pacific Holdings Inc,United States,2,1.65,549300BTNS7MHSHRLR55,4295913146,821483.0,True,True,True,ACTIVE,GENERAL
E100001014347,CHS Inc,United States,2,1.5,XEIEFTLYDQ1MZ6TZV015,4296341355,,True,False,True,ACTIVE,GENERAL
E100000000747,Stellantis NV,Netherlands,2,2.0,549300LKT9PW7ZIBDF31,5043319761,,True,False,True,ACTIVE,GENERAL
E100002016955,DigitalBridge Group Inc,United States,2,1.0,549300XG87L902AGBO89,5051788025,1679688.0,True,True,True,ACTIVE,GENERAL
E100001014694,Equitrans Midstream Corp,United States,2,0.968,549300RH0NLJNZ5SXU64,5064703981,,True,False,True,ACTIVE,GENERAL
E100001015325,Spire Inc,United States,2,2.0,549300NXSY15DRY2R511,4295903170,1126956.0,True,True,True,ACTIVE,GENERAL
E100001015290,MasTec Inc,United States,2,0.66,549300TMDIT8WREDOF45,4295904485,15615.0,True,True,True,ACTIVE,GENERAL
E100001016091,EQT Corp,United States,2,2.0,4NT01YGM4X7ZX86ISY52,4295903940,33213.0,True,True,True,ACTIVE,GENERAL
E100001000937,Microsoft Corp,United States,2,2.0,INR2EJN1ERAN0W5ZP974,4295907168,789019.0,True,True,True,ACTIVE,GENERAL
E100001016206,Apollo Global Management Inc,United States,2,2.0,254900LMFT1CY9IYB476,5081057199,1858681.0,True,True,True,ACTIVE,GENERAL
E100000132496,Altri SGPS SA,Portugal,2,1.5,213800AKSTYRLHY3X497,4295886906,,True,False,True,ACTIVE,GENERAL
E100001010234,Goldman Sachs Group Inc,United States,2,0.20536,784F5XWPLTWKTBV3E584,4295911963,886982.0,True,True,True,ACTIVE,GENERAL
E100002002980,Holmen AB,Sweden,2,2.0,52990080SH3454F0QE68,4295890003,,True,False,True,ACTIVE,GENERAL
E100000000424,Linde PLC,United Kingdom,2,1.187,5299003QR1WT0EF88V51,5083858869,,True,False,True,ACTIVE,GENERAL
E100000001271,Olin Corp,United States,2,2.0,549300GKK294V7W57P06,4295904649,74303.0,True,True,True,ACTIVE,GENERAL
E100001014067,Aker BP ASA,Norway,2,0.966,549300NFTY73920OYK69,5000013139,,True,False,True,ACTIVE,GENERAL
E100000001895,Siemens Energy AG,Germany,2,0.446,5299005CHJZ14D4FDJ62,5000103308,,True,False,True,ACTIVE,GENERAL
E100000000368,Neste Oyj,Finland,2,0.8,5493009GY1X8GQ66AM14,4295866391,,True,False,True,ACTIVE,GENERAL
E100000001873,Mercedes-Benz Group AG,Germany,2,2.0,529900R27DL06UVNT076,4295869694,,True,False,True,ACTIVE,GENERAL
E100001016841,Sylvamo Corp,United States,2,2.0,5493001AOYU1ZOWOC971,5081156334,1856485.0,True,True,True,ACTIVE,GENERAL
E100000001122,SDCL Energy Efficiency Income Trust PLC,United Kingdom,2,2.0,213800ZPSC7XUVD3NL94,5066594178,,True,False,True,ACTIVE,GENERAL
E100000002326,SunCoke Energy Inc,United States,2,2.0,1KF1J2NXQE2PI0QOB943,5000144454,1514705.0,True,True,True,ACTIVE,GENERAL
E100000001379,Antin Infrastructure Partners SAS,France,2,2.0,2138004PVNAV1E9SZP35,4298099968,,True,False,True,ACTIVE,GENERAL
E100001015606,OKEA ASA,Norway,2,1.12,549300H385IGBB58CN91,5046712862,,True,False,True,ACTIVE,GENERAL
E100001014677,Energean PLC,United Kingdom,1,0.5,549300RVMKU0CYUZBB05,5057763256,,True,False,True,ACTIVE,GENERAL
E100002019782,DNB Bank ASA,Norway,1,0.193,549300GKFG0RYRRQ1414,5000042454,,True,False,True,ACTIVE,GENERAL
E100001014954,EOG Resources Inc,United States,1,1.0,XWTZDRYZPBUHIQBKDB46,4295912113,821189.0,True,True,True,ACTIVE,GENERAL
E100002007205,Martin Marietta Materials Inc,United States,1,1.0,5299005MZ4WZECVATV08,4295904478,916076.0,True,True,True,ACTIVE,GENERAL
E100001014154,Etablissements Maurel & Prom SA,France,1,1.0,969500ZTYI9C1C594X25,4295867116,,True,False,True,ACTIVE,GENERAL
E100002006269,Peab AB,Sweden,1,1.0,549300FQS4VD3153I854,4295889909,,True,False,True,ACTIVE,GENERAL
E100000155483,Atmos Energy Corp,United States,1,1.0,QVLWEGTD2S8GJMO8D383,4295903484,731802.0,True,True,True,ACTIVE,GENERAL
E100001014568,BlueNord ASA,Norway,1,0.368,5967007LIEEXZXGE3C16,4295885634,,True,False,True,ACTIVE,GENERAL
E100001014572,Delek US Holdings Inc,United States,1,0.1669999999999999,5493003O53JMENV1N385,5054562603,1694426.0,True,True,True,ACTIVE,GENERAL
E100001014952,HitecVision AS,Norway,1,0.132202,549300EZZVN3X88FFF47,4297739895,,True,False,True,ACTIVE,GENERAL
E100002007792,Compagnie De Saint-Gobain SA,France,1,0.0,NFONVGN05Z0FMN5PEC35,4295867362,,True,False,True,ACTIVE,GENERAL
E100001014793,Gas Plus SpA,Italy,1,0.15,815600CF7B5169BBF109,4295875865,,True,False,True,ACTIVE,GENERAL
E100002005151,DNO ASA,Norway,1,0.235,5967007LIEEXZXH3K072,5000058043,,True,False,True,ACTIVE,GENERAL
E100000001212,Exelon Corp,United States,1,1.0,3SOUA6IRML7435B56G12,4295903216,1109357.0,True,True,True,ACTIVE,GENERAL
E100002017821,Banco Santander SA,Spain,1,1.0,5493006QMFDDMYWIAM13,8589934205,,True,False,True,ACTIVE,GENERAL
E100001011690,Eversource Energy ,United States,1,0.03,SJ7XXD41SQU3ZNWUJ746,4295903197,72741.0,True,True,True,ACTIVE,GENERAL
E100000001126,Tate & Lyle PLC,United Kingdom,1,1.0,2138008K14474WPKZ244,4295894759,,True,False,True,ACTIVE,GENERAL
E100001011003,Caterpillar Inc,United States,1,0.165,WRJR7GS4GTRECRRTVX92,4295903678,18230.0,True,True,True,ACTIVE,GENERAL
E100002018551,GE Vernova Inc,United States,1,1.0,254900DP080RU6OK2553,5086720112,1996810.0,True,True,True,ACTIVE,GENERAL
E100002007946,Excelerate Energy Inc,United States,1,1.0,254900J6DPU4HB368I65,5082084630,1888447.0,True,True,True,ACTIVE,GENERAL
E100000000773,Wärtsilä Oyj,Finland,1,0.05,743700G7A9J1PHM3X223,4295866556,,True,False,True,ACTIVE,GENERAL
E100002005662,Eastman Chemical Co,United States,1,1.0,FDPVHDGJ1IQZFK9KH630,4295903892,915389.0,True,True,True,ACTIVE,GENERAL
E100000120426,Eramet SA,France,1,1.0,549300LUH78PG2MP6N64,4295867525,,True,False,True,ACTIVE,GENERAL
E100000000051,Tessenderlo Group ,Belgium,1,1.0,549300ZKLIF7RP6EH823,4295859582,,True,False,True,ACTIVE,GENERAL
E100000152186,Heineken NV,Netherlands,1,0.5,724500K5PTPSST86UQ23,4295884692,,True,False,True,ACTIVE,GENERAL
E100000001975,Avio SpA,Italy,1,0.4,8156008F25C4B0E7C860,5046289244,,True,False,True,ACTIVE,GENERAL
E100000001977,ERG SpA,Italy,1,1.0,8156004604684CA44A90,4295875564,,True,False,True,ACTIVE,GENERAL
E100000002474,AstraZeneca PLC,United Kingdom,1,1.0,PY6ZZQWO2IZFZC3IOL08,4295894341,,True,False,True,ACTIVE,GENERAL
E100002000725,Starwood Real Estate Income Trust Inc,United States,1,0.5,5493001K8NJSB0VWJ635,5057957580,,True,False,True,ACTIVE,GENERAL
E100000000397,Bertelsmann SE & Co KGaA,Germany,1,1.0,5299001BUUGXAREGE533,5037662836,,True,False,True,ACTIVE,GENERAL
E100000001880,Henkel AG & Co. KGaA,Germany,1,1.0,549300VZCL1HTH4O4Y49,4295869260,,True,False,True,ACTIVE,GENERAL
E100000001195,Dupont Inc,United States,1,0.1989999999999999,5493004JF0SDFLM8GD76,5050895314,1666700.0,True,True,True,ACTIVE,GENERAL
E100002004703,DCC PLC,Ireland,1,1.0,213800UPS1QEE4TD3T45,4295874865,,True,False,True,ACTIVE,GENERAL
E100000001215,FMC Corp,United States,1,1.0,CKDHZ2X64EEBQCSP7013,4295903957,37785.0,True,True,True,ACTIVE,GENERAL
E100002001024,Porsche Automobil Holding SE,Germany,1,0.153,52990053Z17ZYM1KFV27,4295869130,,True,False,True,ACTIVE,GENERAL
E100001015007,Ferrovial SE,Netherlands,1,0.5,72450022R2ZFL41Y6I04,5068933357,,True,False,True,ACTIVE,GENERAL
E100002016943,Maire SpA,Italy,1,0.3,815600D85A61200A1B83,4295875436,,True,False,True,ACTIVE,GENERAL
E100000131654,Hallador Energy Co,United States,1,1.0,254900GKEQRHOI2SSC19,4295906628,788965.0,True,True,True,ACTIVE,GENERAL
E100002009022,Sonoco Products Co,United States,1,1.0,GKOMIK4RDJGHEF0VNP11,4295904938,91767.0,True,True,True,ACTIVE,GENERAL
E100002009177,HMS Bergbau AG,Germany,1,0.51,5299004BSTX10BXHV941,4298115412,,True,False,True,ACTIVE,GENERAL
E100001016504,Synthesis Energy Systems Inc,United States,1,0.372,5493002R28ZAJ5JZY011,4298052449,1375063.0,True,True,True,ACTIVE,GENERAL
E100000131392,Bisichi PLC,United Kingdom,1,0.625,213800RRWN6ZBPW2ZV03,4295898103,,True,False,True,ACTIVE,GENERAL
E100002003989,Rana Gruber ASA,Norway,1,1.0,5493003MBTQHX9VNKN13,4297660032,,True,False,True,ACTIVE,GENERAL
E100000131012,Metallus Inc,United States,1,1.0,549300QZTZWHDE9HJL14,5041076804,1598428.0,True,True,True,ACTIVE,GENERAL
E100000130755,Leggett & Platt Inc,United States,1,1.0,DKOVQUCDW4ZLYCUD4T55,4295904407,,True,False,True,ACTIVE,GENERAL
E100000130706,Danieli & C Officine Meccaniche SpA,Italy,1,0.999,815600B4B8C6A353E566,4295875649,,True,False,True,ACTIVE,GENERAL
E100000000837,Mota-Engil SGPS SA,Portugal,1,0.529,549300L6RR1203WN9F57,4295886796,,True,False,True,ACTIVE,GENERAL
E100002009511,Rottneros AB,Sweden,1,1.0,213800DM8OBVX8QWUR14,4295890266,,True,False,True,ACTIVE,GENERAL
E100002016964,Société Financière Des Sucres SA,Belgium,1,1.0,549300BNBJMO4DUS6P16,4296020755,,True,False,True,ACTIVE,GENERAL
E100000133586,Voltalia SA,France,1,1.0,969500KE938Z79ZH1N44,4295868335,,True,False,True,ACTIVE,GENERAL
E100002016804,CropEnergies AG,Germany,1,1.0,529900FXN57YQ7H5S098,4295869097,,True,False,True,ACTIVE,GENERAL
E100002016829,LEG Immobilien SE,Germany,1,0.949,391200SO40AKONBO0Z96,5038054895,,True,False,True,ACTIVE,GENERAL
E100002010547,Séché Environnement SA,France,1,1.0,969500R9ENNIN33POO20,4295867408,,True,False,True,ACTIVE,GENERAL
E100000135814,Ameresco Inc,United States,1,1.0,529900NZXZGBCBXYY327,4296288833,1488139.0,True,True,True,ACTIVE,GENERAL
E100000152701,Romande Energie Holding SA,Switzerland,1,0.5,9676008XQ71KDFYUC315,4295890856,,True,False,True,ACTIVE,GENERAL
E100002016729,Webuild SpA,Italy,1,0.5,549300UKR289DF4UXQ47,4295875738,,True,False,True,ACTIVE,GENERAL
E100000132909,Svenska Cellulosa SCA AB,Sweden,1,1.0,549300FW5JDRV1IJ0M67,4295890025,,True,False,True,ACTIVE,GENERAL
E100002016863,Global Dominion Access SA,Spain,1,0.5,95980020140005225955,4298431932,,True,False,True,ACTIVE,GENERAL
E100000120754,LANXESS AG,Germany,1,1.0,529900PTLRE72EMYIJ77,4295870205,,True,False,True,ACTIVE,GENERAL
E100002017187,OPAL Fuels Inc,United States,1,1.0,529900ATA8EX6J0VUZ84,5083373533,1842279.0,True,True,True,ACTIVE,GENERAL
E100002016809,Danone SA,France,1,1.0,969500KMUQ2B6CBAF162,4295867387,,True,False,True,ACTIVE,GENERAL
E100002007354,Monarch Cement Co,United States,1,1.0,549300ZMPJCNSENB3O72,4295914239,735190.0,True,True,True,ACTIVE,GENERAL
