entity_id,status
E100000000017,in old vintage only
E100000000036,in old vintage only
E100000000049,in old vintage only
E100000000064,in old vintage only
E100000000075,in old vintage only
E100000000081,in old vintage only
E100000000082,in old vintage only
E100000000083,in old vintage only
E100000000089,in old vintage only
E100000000090,in old vintage only
E100000000092,in old vintage only
E100000000097,in old vintage only
E100000000108,in old vintage only
E100000000110,in old vintage only
E100000000115,in old vintage only
E100000000120,in old vintage only
E100000000123,in old vintage only
E100000000131,in old vintage only
E100000000134,in old vintage only
E100000000138,in old vintage only
E100000000323,in old vintage only
E100000000325,in old vintage only
E100000000326,in old vintage only
E100000000331,in old vintage only
E100000000359,in old vintage only
E100000000374,in old vintage only
E100000000398,in old vintage only
E100000000399,in old vintage only
E100000000410,in old vintage only
E100000000425,in old vintage only
E100000000442,in old vintage only
E100000000445,in old vintage only
E100000000452,in old vintage only
E100000000461,in old vintage only
E100000000466,in old vintage only
E100000000468,in old vintage only
E100000000484,in old vintage only
E100000000507,in old vintage only
E100000000532,in old vintage only
E100000000534,in old vintage only
E100000000539,in old vintage only
E100000000541,in old vintage only
E100000000550,in old vintage only
E100000000559,in old vintage only
E100000000562,in old vintage only
E100000000572,in old vintage only
E100000000574,in old vintage only
E100000000582,in old vintage only
E100000000588,in old vintage only
E100000000597,in old vintage only
E100000000637,in old vintage only
E100000000644,in old vintage only
E100000000653,in old vintage only
E100000000661,in old vintage only
E100000000663,in old vintage only
E100000000678,in old vintage only
E100000000681,in old vintage only
E100000000725,in old vintage only
E100000000728,in old vintage only
E100000000731,in old vintage only
E100000000732,in old vintage only
E100000000733,in old vintage only
E100000000745,in old vintage only
E100000000752,in old vintage only
E100000000753,in old vintage only
E100000000760,in old vintage only
E100000000765,in old vintage only
E100000000767,in old vintage only
E100000000795,in old vintage only
E100000000807,in old vintage only
E100000000861,in old vintage only
E100000000904,in old vintage only
E100000000913,in old vintage only
E100000000925,in old vintage only
E100000000959,in old vintage only
E100000000965,in old vintage only
E100000000970,in old vintage only
E100000000971,in old vintage only
E100000000973,in old vintage only
E100000000985,in old vintage only
E100000000992,in old vintage only
E100000000996,in old vintage only
E100000000997,in old vintage only
E100000001007,in old vintage only
E100000001011,in old vintage only
E100000001022,in old vintage only
E100000001025,in old vintage only
E100000001037,in old vintage only
E100000001048,in old vintage only
E100000001050,in old vintage only
E100000001053,in old vintage only
E100000001064,in old vintage only
E100000001065,in old vintage only
E100000001067,in old vintage only
E100000001074,in old vintage only
E100000001108,in old vintage only
E100000001109,in old vintage only
E100000001115,in old vintage only
E100000001118,in old vintage only
E100000001125,in old vintage only
E100000001138,in old vintage only
E100000001142,in old vintage only
E100000001146,in old vintage only
E100000001156,in old vintage only
E100000001162,in old vintage only
E100000001176,in old vintage only
E100000001182,in old vintage only
E100000001187,in old vintage only
E100000001200,in old vintage only
E100000001206,in old vintage only
E100000001219,in old vintage only
E100000001227,in old vintage only
E100000001228,in old vintage only
E100000001232,in old vintage only
E100000001236,in old vintage only
E100000001244,in old vintage only
E100000001252,in old vintage only
E100000001255,in old vintage only
E100000001259,in old vintage only
E100000001261,in old vintage only
E100000001264,in old vintage only
E100000001281,in old vintage only
E100000001285,in old vintage only
E100000001300,in old vintage only
E100000001301,in old vintage only
E100000001310,in old vintage only
E100000001318,in old vintage only
E100000001320,in old vintage only
E100000001328,in old vintage only
E100000001336,in old vintage only
E100000001350,in old vintage only
E100000001356,in old vintage only
E100000001360,in old vintage only
E100000001383,in old vintage only
E100000001385,in old vintage only
E100000001386,in old vintage only
E100000001391,in old vintage only
E100000001400,in old vintage only
E100000001437,in old vintage only
E100000001439,in old vintage only
E100000001461,in old vintage only
E100000001475,in old vintage only
E100000001480,in old vintage only
E100000001507,in old vintage only
E100000001508,in old vintage only
E100000001568,in old vintage only
E100000001582,in old vintage only
E100000001591,in old vintage only
E100000001596,in old vintage only
E100000001603,in old vintage only
E100000001628,in old vintage only
E100000001629,in old vintage only
E100000001722,in old vintage only
E100000001723,in old vintage only
E100000001726,in old vintage only
E100000001853,in old vintage only
E100000001957,in old vintage only
E100000001991,in old vintage only
E100000002167,in old vintage only
E100000002351,in old vintage only
E100000002395,in old vintage only
E100000002445,in old vintage only
E100000002467,in old vintage only
E100000002469,in old vintage only
E100000002517,in old vintage only
E100000002549,in old vintage only
E100000002550,in old vintage only
E100000002551,in old vintage only
E100000002552,in old vintage only
E100000002599,in old vintage only
E100000002613,in old vintage only
E100000002614,in old vintage only
E100000002615,in old vintage only
E100000002629,in old vintage only
E100000002630,in old vintage only
E100000002683,in old vintage only
E100000002714,in old vintage only
E100000002717,in old vintage only
E100000002722,in old vintage only
E100000002768,in old vintage only
E100000002791,in old vintage only
E100000002806,in old vintage only
E100000002816,in old vintage only
E100000002835,in old vintage only
E100000002890,in old vintage only
E100000002897,in old vintage only
E100000002910,in old vintage only
E100000002928,in old vintage only
E100000002943,in old vintage only
E100000002968,in old vintage only
E100000003006,in old vintage only
E100000003010,in old vintage only
E100000003092,in old vintage only
E100000003099,in old vintage only
E100000003114,in old vintage only
E100000003147,in old vintage only
E100000003187,in old vintage only
E100000003215,in old vintage only
E100000003231,in old vintage only
E100000003268,in old vintage only
E100000003281,in old vintage only
E100000003291,in old vintage only
E100000003353,in old vintage only
E100000003390,in old vintage only
E100000003407,in old vintage only
E100000003421,in old vintage only
E100000003432,in old vintage only
E100000003433,in old vintage only
E100000003437,in old vintage only
E100000003470,in old vintage only
E100000003497,in old vintage only
E100000003526,in old vintage only
E100000003536,in old vintage only
E100000003555,in old vintage only
E100000003569,in old vintage only
E100000003596,in old vintage only
E100000003602,in old vintage only
E100000003613,in old vintage only
E100000003657,in old vintage only
E100000003670,in old vintage only
E100000003688,in old vintage only
E100000003692,in old vintage only
E100000003715,in old vintage only
E100000003725,in old vintage only
E100000003734,in old vintage only
E100000003739,in old vintage only
E100000003766,in old vintage only
E100000003779,in old vintage only
E100000003801,in old vintage only
E100000003805,in old vintage only
E100000003813,in old vintage only
E100000003840,in old vintage only
E100000003890,in old vintage only
E100000003894,in old vintage only
E100000003897,in old vintage only
E100000003918,in old vintage only
E100000003934,in old vintage only
E100000003955,in old vintage only
E100000003967,in old vintage only
E100000004086,in old vintage only
E100000004132,in old vintage only
E100000004175,in old vintage only
E100000004178,in old vintage only
E100000004258,in old vintage only
E100000004261,in old vintage only
E100000004263,in old vintage only
E100000004279,in old vintage only
E100000004307,in old vintage only
E100000004314,in old vintage only
E100000004328,in old vintage only
E100000120081,in old vintage only
E100000120086,in old vintage only
E100000120150,in old vintage only
E100000120153,in old vintage only
E100000120155,in old vintage only
E100000120158,in old vintage only
E100000120205,in old vintage only
E100000120242,in old vintage only
E100000120263,in old vintage only
E100000120265,in old vintage only
E100000120296,in old vintage only
E100000120304,in old vintage only
E100000120308,in old vintage only
E100000120317,in old vintage only
E100000120331,in old vintage only
E100000120354,in old vintage only
E100000120383,in old vintage only
E100000120389,in old vintage only
E100000120399,in old vintage only
E100000120402,in old vintage only
E100000120403,in old vintage only
E100000120452,in old vintage only
E100000120453,in old vintage only
E100000120464,in old vintage only
E100000120495,in old vintage only
E100000120521,in old vintage only
E100000120525,in old vintage only
E100000120539,in old vintage only
E100000120541,in old vintage only
E100000120543,in old vintage only
E100000120550,in old vintage only
E100000120562,in old vintage only
E100000120567,in old vintage only
E100000120574,in old vintage only
E100000120588,in old vintage only
E100000120589,in old vintage only
E100000120590,in old vintage only
E100000120664,in old vintage only
E100000120669,in old vintage only
E100000120670,in old vintage only
E100000120682,in old vintage only
E100000120703,in old vintage only
E100000120710,in old vintage only
E100000120737,in old vintage only
E100000120760,in old vintage only
E100000120769,in old vintage only
E100000120777,in old vintage only
E100000120778,in old vintage only
E100000120836,in old vintage only
E100000120850,in old vintage only
E100000120874,in old vintage only
E100000120894,in old vintage only
E100000120900,in old vintage only
E100000120928,in old vintage only
E100000120932,in old vintage only
E100000120964,in old vintage only
E100000120984,in old vintage only
E100000120985,in old vintage only
E100000121045,in old vintage only
E100000121062,in old vintage only
E100000121063,in old vintage only
E100000121093,in old vintage only
E100000121097,in old vintage only
E100000121120,in old vintage only
E100000121121,in old vintage only
E100000121135,in old vintage only
E100000121138,in old vintage only
E100000121140,in old vintage only
E100000121153,in old vintage only
E100000121166,in old vintage only
E100000121208,in old vintage only
E100000121212,in old vintage only
E100000121228,in old vintage only
E100000121238,in old vintage only
E100000121305,in old vintage only
E100000121322,in old vintage only
E100000121339,in old vintage only
E100000121359,in old vintage only
E100000121360,in old vintage only
E100000121376,in old vintage only
E100000121397,in old vintage only
E100000121447,in old vintage only
E100000121456,in old vintage only
E100000121509,in old vintage only
E100000121518,in old vintage only
E100000121528,in old vintage only
E100000121542,in old vintage only
E100000121551,in old vintage only
E100000121560,in old vintage only
E100000121576,in old vintage only
E100000121598,in old vintage only
E100000121876,in old vintage only
E100000123048,in old vintage only
E100000123057,in old vintage only
E100000123951,in old vintage only
E100000123961,in old vintage only
E100000124677,in old vintage only
E100000124678,in old vintage only
E100000125231,in old vintage only
E100000125968,in old vintage only
E100000126087,in old vintage only
E100000126377,in old vintage only
E100000126489,in old vintage only
E100000126981,in old vintage only
E100000127986,in old vintage only
E100000129837,in old vintage only
E100000130202,in old vintage only
E100000130574,in old vintage only
E100000130575,in old vintage only
E100000130783,in old vintage only
E100000130850,in old vintage only
E100000130875,in old vintage only
E100000130931,in old vintage only
E100000130979,in old vintage only
E100000130980,in old vintage only
E100000131019,in old vintage only
E100000131035,in old vintage only
E100000131077,in old vintage only
E100000131078,in old vintage only
E100000131094,in old vintage only
E100000131183,in old vintage only
E100000131184,in old vintage only
E100000131189,in old vintage only
E100000131200,in old vintage only
E100000131208,in old vintage only
E100000131210,in old vintage only
E100000131217,in old vintage only
E100000131226,in old vintage only
E100000131232,in old vintage only
E100000131233,in old vintage only
E100000131236,in old vintage only
E100000131255,in old vintage only
E100000131256,in old vintage only
E100000131257,in old vintage only
E100000131258,in old vintage only
E100000131262,in old vintage only
E100000131266,in old vintage only
E100000131273,in old vintage only
E100000131277,in old vintage only
E100000131284,in old vintage only
E100000131300,in old vintage only
E100000131302,in old vintage only
E100000131316,in old vintage only
E100000131322,in old vintage only
E100000131323,in old vintage only
E100000131326,in old vintage only
E100000131330,in old vintage only
E100000131331,in old vintage only
E100000131337,in old vintage only
E100000131339,in old vintage only
E100000131349,in old vintage only
E100000131351,in old vintage only
E100000131364,in old vintage only
E100000131367,in old vintage only
E100000131373,in old vintage only
E100000131382,in old vintage only
E100000131384,in old vintage only
E100000131395,in old vintage only
E100000131401,in old vintage only
E100000131405,in old vintage only
E100000131408,in old vintage only
E100000131415,in old vintage only
E100000131416,in old vintage only
E100000131420,in old vintage only
E100000131422,in old vintage only
E100000131423,in old vintage only
E100000131448,in old vintage only
E100000131450,in old vintage only
E100000131451,in old vintage only
E100000131457,in old vintage only
E100000131463,in old vintage only
E100000131464,in old vintage only
E100000131469,in old vintage only
E100000131480,in old vintage only
E100000131487,in old vintage only
E100000131492,in old vintage only
E100000131499,in old vintage only
E100000131505,in old vintage only
E100000131514,in old vintage only
E100000131526,in old vintage only
E100000131528,in old vintage only
E100000131535,in old vintage only
E100000131538,in old vintage only
E100000131545,in old vintage only
E100000131548,in old vintage only
E100000131555,in old vintage only
E100000131556,in old vintage only
E100000131560,in old vintage only
E100000131561,in old vintage only
E100000131565,in old vintage only
E100000131575,in old vintage only
E100000131582,in old vintage only
E100000131595,in old vintage only
E100000131599,in old vintage only
E100000131603,in old vintage only
E100000131614,in old vintage only
E100000131626,in old vintage only
E100000131630,in old vintage only
E100000131643,in old vintage only
E100000131644,in old vintage only
E100000131646,in old vintage only
E100000131651,in old vintage only
E100000131653,in old vintage only
E100000131657,in old vintage only
E100000131665,in old vintage only
E100000131679,in old vintage only
E100000131682,in old vintage only
E100000131683,in old vintage only
E100000131694,in old vintage only
E100000131701,in old vintage only
E100000131703,in old vintage only
E100000131704,in old vintage only
E100000131707,in old vintage only
E100000131713,in old vintage only
E100000131718,in old vintage only
E100000131726,in old vintage only
E100000131727,in old vintage only
E100000131732,in old vintage only
E100000131734,in old vintage only
E100000131738,in old vintage only
E100000131742,in old vintage only
E100000131745,in old vintage only
E100000131764,in old vintage only
E100000131770,in old vintage only
E100000131774,in old vintage only
E100000131775,in old vintage only
E100000131776,in old vintage only
E100000131782,in old vintage only
E100000131784,in old vintage only
E100000131792,in old vintage only
E100000131798,in old vintage only
E100000131799,in old vintage only
E100000131813,in old vintage only
E100000131830,in old vintage only
E100000131831,in old vintage only
E100000131838,in old vintage only
E100000131843,in old vintage only
E100000131852,in old vintage only
E100000131872,in old vintage only
E100000131877,in old vintage only
E100000131879,in old vintage only
E100000131881,in old vintage only
E100000131891,in old vintage only
E100000131892,in old vintage only
E100000131897,in old vintage only
E100000131909,in old vintage only
E100000131923,in old vintage only
E100000131939,in old vintage only
E100000131942,in old vintage only
E100000131946,in old vintage only
E100000131950,in old vintage only
E100000131957,in old vintage only
E100000131959,in old vintage only
E100000131970,in old vintage only
E100000131987,in old vintage only
E100000131990,in old vintage only
E100000131997,in old vintage only
E100000131999,in old vintage only
E100000132006,in old vintage only
E100000132011,in old vintage only
E100000132018,in old vintage only
E100000132024,in old vintage only
E100000132028,in old vintage only
E100000132044,in old vintage only
E100000132050,in old vintage only
E100000132053,in old vintage only
E100000132068,in old vintage only
E100000132073,in old vintage only
E100000132074,in old vintage only
E100000132077,in old vintage only
E100000132078,in old vintage only
E100000132081,in old vintage only
E100000132082,in old vintage only
E100000132092,in old vintage only
E100000132093,in old vintage only
E100000132101,in old vintage only
E100000132102,in old vintage only
E100000132106,in old vintage only
E100000132115,in old vintage only
E100000132117,in old vintage only
E100000132121,in old vintage only
E100000132126,in old vintage only
E100000132127,in old vintage only
E100000132130,in old vintage only
E100000132132,in old vintage only
E100000132133,in old vintage only
E100000132137,in old vintage only
E100000132145,in old vintage only
E100000132146,in old vintage only
E100000132161,in old vintage only
E100000132168,in old vintage only
E100000132170,in old vintage only
E100000132176,in old vintage only
E100000132188,in old vintage only
E100000132204,in old vintage only
E100000132214,in old vintage only
E100000132217,in old vintage only
E100000132219,in old vintage only
E100000132228,in old vintage only
E100000132230,in old vintage only
E100000132233,in old vintage only
E100000132236,in old vintage only
E100000132239,in old vintage only
E100000132258,in old vintage only
E100000132261,in old vintage only
E100000132264,in old vintage only
E100000132301,in old vintage only
E100000132302,in old vintage only
E100000132311,in old vintage only
E100000132327,in old vintage only
E100000132331,in old vintage only
E100000132332,in old vintage only
E100000132343,in old vintage only
E100000132345,in old vintage only
E100000132346,in old vintage only
E100000132353,in old vintage only
E100000132354,in old vintage only
E100000132356,in old vintage only
E100000132357,in old vintage only
E100000132366,in old vintage only
E100000132370,in old vintage only
E100000132375,in old vintage only
E100000132378,in old vintage only
E100000132379,in old vintage only
E100000132405,in old vintage only
E100000132474,in old vintage only
E100000132475,in old vintage only
E100000132526,in old vintage only
E100000132565,in old vintage only
E100000132571,in old vintage only
E100000132616,in old vintage only
E100000132733,in old vintage only
E100000132734,in old vintage only
E100000132741,in old vintage only
E100000132892,in old vintage only
E100000132946,in old vintage only
E100000132949,in old vintage only
E100000132995,in old vintage only
E100000133759,in old vintage only
E100000135689,in old vintage only
E100000136874,in old vintage only
E100000137052,in old vintage only
E100000137128,in old vintage only
E100000149058,in old vintage only
E100000150377,in old vintage only
E100000150455,in old vintage only
E100000150492,in old vintage only
E100000150543,in old vintage only
E100000151297,in old vintage only
E100000151510,in old vintage only
E100000152745,in old vintage only
E100000153018,in old vintage only
E100000153083,in old vintage only
E100000153223,in old vintage only
E100000154539,in old vintage only
E100000155654,in old vintage only
E100000155907,in old vintage only
E100000156024,in old vintage only
E100000156101,in old vintage only
E100000156145,in old vintage only
E100000156157,in old vintage only
E100000156214,in old vintage only
E100000156785,in old vintage only
E100000156806,in old vintage only
E100000156921,in old vintage only
E100000157304,in old vintage only
E100000157768,in old vintage only
E100000158582,in old vintage only
E100000160354,in old vintage only
E100000179362,in old vintage only
E100000179600,in old vintage only
E100000179620,in old vintage only
E100000179984,in old vintage only
E100000180099,in old vintage only
E100000180163,in old vintage only
E100000180417,in old vintage only
E100000180686,in old vintage only
E100000180844,in old vintage only
E100000180904,in old vintage only
E100000180991,in old vintage only
E100000181016,in old vintage only
E100000181072,in old vintage only
E100000181156,in old vintage only
E100000181489,in old vintage only
E100000182202,in old vintage only
E100000186139,in old vintage only
E100000186819,in old vintage only
E100001000051,in old vintage only
E100001000077,in old vintage only
E100001000166,in old vintage only
E100001000167,in old vintage only
E100001000182,in old vintage only
E100001000207,in old vintage only
E100001000247,in old vintage only
E100001000285,in old vintage only
E100001000297,in old vintage only
E100001000298,in old vintage only
E100001000314,in old vintage only
E100001000375,in old vintage only
E100001000376,in old vintage only
E100001000478,in old vintage only
E100001000481,in old vintage only
E100001000482,in old vintage only
E100001000485,in old vintage only
E100001000499,in old vintage only
E100001000505,in old vintage only
E100001000523,in old vintage only
E100001000546,in old vintage only
E100001000565,in old vintage only
E100001000566,in old vintage only
E100001000581,in old vintage only
E100001000587,in old vintage only
E100001000622,in old vintage only
E100001000632,in old vintage only
E100001000644,in old vintage only
E100001000679,in old vintage only
E100001000698,in old vintage only
E100001000738,in old vintage only
E100001000751,in old vintage only
E100001000775,in old vintage only
E100001000793,in old vintage only
E100001000816,in old vintage only
E100001000824,in old vintage only
E100001000917,in old vintage only
E100001000921,in old vintage only
E100001000966,in old vintage only
E100001000967,in old vintage only
E100001000977,in old vintage only
E100001000979,in old vintage only
E100001001059,in old vintage only
E100001001110,in old vintage only
E100001001112,in old vintage only
E100001001128,in old vintage only
E100001001156,in old vintage only
E100001001188,in old vintage only
E100001001196,in old vintage only
E100001001219,in old vintage only
E100001001258,in old vintage only
E100001001302,in old vintage only
E100001001308,in old vintage only
E100001001319,in old vintage only
E100001001338,in old vintage only
E100001001339,in old vintage only
E100001001340,in old vintage only
E100001001362,in old vintage only
E100001001374,in old vintage only
E100001001388,in old vintage only
E100001001390,in old vintage only
E100001001441,in old vintage only
E100001001442,in old vintage only
E100001010071,in old vintage only
E100001010117,in old vintage only
E100001010128,in old vintage only
E100001010132,in old vintage only
E100001010151,in old vintage only
E100001010154,in old vintage only
E100001010155,in old vintage only
E100001010174,in old vintage only
E100001010228,in old vintage only
E100001010229,in old vintage only
E100001010250,in old vintage only
E100001010253,in old vintage only
E100001010284,in old vintage only
E100001010285,in old vintage only
E100001010292,in old vintage only
E100001010337,in old vintage only
E100001010340,in old vintage only
E100001010344,in old vintage only
E100001010362,in old vintage only
E100001010372,in old vintage only
E100001010385,in old vintage only
E100001010390,in old vintage only
E100001010399,in old vintage only
E100001010400,in old vintage only
E100001010415,in old vintage only
E100001010430,in old vintage only
E100001010437,in old vintage only
E100001010450,in old vintage only
E100001010460,in old vintage only
E100001010478,in old vintage only
E100001010479,in old vintage only
E100001010480,in old vintage only
E100001010491,in old vintage only
E100001010575,in old vintage only
E100001010576,in old vintage only
E100001010672,in old vintage only
E100001010683,in old vintage only
E100001010710,in old vintage only
E100001010750,in old vintage only
E100001010767,in old vintage only
E100001010796,in old vintage only
E100001010797,in old vintage only
E100001010825,in old vintage only
E100001010830,in old vintage only
E100001010847,in old vintage only
E100001010877,in old vintage only
E100001010899,in old vintage only
E100001010905,in old vintage only
E100001010920,in old vintage only
E100001010924,in old vintage only
E100001010929,in old vintage only
E100001010935,in old vintage only
E100001011051,in old vintage only
E100001011062,in old vintage only
E100001011070,in old vintage only
E100001011099,in old vintage only
E100001011123,in old vintage only
E100001011142,in old vintage only
E100001011207,in old vintage only
E100001011208,in old vintage only
E100001011209,in old vintage only
E100001011221,in old vintage only
E100001011225,in old vintage only
E100001011249,in old vintage only
E100001011295,in old vintage only
E100001011314,in old vintage only
E100001011359,in old vintage only
E100001011370,in old vintage only
E100001011375,in old vintage only
E100001011386,in old vintage only
E100001011402,in old vintage only
E100001011405,in old vintage only
E100001011573,in old vintage only
E100001011574,in old vintage only
E100001011592,in old vintage only
E100001011605,in old vintage only
E100001011606,in old vintage only
E100001011626,in old vintage only
E100001011664,in old vintage only
E100001011761,in old vintage only
E100001011818,in old vintage only
E100001011836,in old vintage only
E100001011868,in old vintage only
E100001011916,in old vintage only
E100001011982,in old vintage only
E100001011983,in old vintage only
E100001011984,in old vintage only
E100001011992,in old vintage only
E100001012007,in old vintage only
E100001012008,in old vintage only
E100001012049,in old vintage only
E100001012050,in old vintage only
E100001012051,in old vintage only
E100001012052,in old vintage only
E100001012053,in old vintage only
E100001012055,in old vintage only
E100001012212,in old vintage only
E100001012213,in old vintage only
E100001012492,in old vintage only
E100001012493,in old vintage only
E100001012803,in old vintage only
E100001012962,in old vintage only
E100001012966,in old vintage only
E100001012967,in old vintage only
E100001012976,in old vintage only
E100001012987,in old vintage only
E100001012989,in old vintage only
E100001013025,in old vintage only
E100001013039,in old vintage only
E100001013068,in old vintage only
E100001013115,in old vintage only
E100001013124,in old vintage only
E100001013138,in old vintage only
E100001013139,in old vintage only
E100001013156,in old vintage only
E100001013158,in old vintage only
E100001013163,in old vintage only
E100001013175,in old vintage only
E100001013180,in old vintage only
E100001013201,in old vintage only
E100001013202,in old vintage only
E100001013224,in old vintage only
E100001013232,in old vintage only
E100001013235,in old vintage only
E100001013249,in old vintage only
E100001013253,in old vintage only
E100001013254,in old vintage only
E100001013255,in old vintage only
E100001013256,in old vintage only
E100001013257,in old vintage only
E100001013258,in old vintage only
E100001013263,in old vintage only
E100001013264,in old vintage only
E100001013265,in old vintage only
E100001013275,in old vintage only
E100001013286,in old vintage only
E100001013307,in old vintage only
E100001013308,in old vintage only
E100001013309,in old vintage only
E100001013310,in old vintage only
E100001013317,in old vintage only
E100001013318,in old vintage only
E100001013320,in old vintage only
E100001013342,in old vintage only
E100001013347,in old vintage only
E100001013348,in old vintage only
E100001013355,in old vintage only
E100001013366,in old vintage only
E100001013388,in old vintage only
E100001013389,in old vintage only
E100001013391,in old vintage only
E100001013392,in old vintage only
E100001013393,in old vintage only
E100001013400,in old vintage only
E100001013406,in old vintage only
E100001013409,in old vintage only
E100001013425,in old vintage only
E100001013427,in old vintage only
E100001013435,in old vintage only
E100001013461,in old vintage only
E100001013462,in old vintage only
E100001013463,in old vintage only
E100001013466,in old vintage only
E100001013472,in old vintage only
E100001013475,in old vintage only
E100001013476,in old vintage only
E100001013477,in old vintage only
E100001013492,in old vintage only
E100001013494,in old vintage only
E100001013496,in old vintage only
E100001013509,in old vintage only
E100001013521,in old vintage only
E100001013526,in old vintage only
E100001013541,in old vintage only
E100001013548,in old vintage only
E100001013549,in old vintage only
E100001013550,in old vintage only
E100001013578,in old vintage only
E100001013616,in old vintage only
E100001013621,in old vintage only
E100001013641,in old vintage only
E100001013665,in old vintage only
E100001013672,in old vintage only
E100001013683,in old vintage only
E100001013684,in old vintage only
E100001013686,in old vintage only
E100001013688,in old vintage only
E100001013694,in old vintage only
E100001013700,in old vintage only
E100001013718,in old vintage only
E100001013733,in old vintage only
E100001013734,in old vintage only
E100001013736,in old vintage only
E100001013737,in old vintage only
E100001013741,in old vintage only
E100001013746,in old vintage only
E100001013747,in old vintage only
E100001013753,in old vintage only
E100001013762,in old vintage only
E100001013764,in old vintage only
E100001013783,in old vintage only
E100001013798,in old vintage only
E100001013800,in old vintage only
E100001013803,in old vintage only
E100001013804,in old vintage only
E100001013815,in old vintage only
E100001013818,in old vintage only
E100001013823,in old vintage only
E100001014143,in old vintage only
E100001014144,in old vintage only
E100001014208,in old vintage only
E100001014227,in old vintage only
E100001014230,in old vintage only
E100001014231,in old vintage only
E100001014232,in old vintage only
E100001014260,in old vintage only
E100001014290,in old vintage only
E100001014344,in old vintage only
E100001014349,in old vintage only
E100001014369,in old vintage only
E100001014447,in old vintage only
E100001014449,in old vintage only
E100001014470,in old vintage only
E100001014495,in old vintage only
E100001014547,in old vintage only
E100001014584,in old vintage only
E100001014601,in old vintage only
E100001014622,in old vintage only
E100001014647,in old vintage only
E100001014686,in old vintage only
E100001014695,in old vintage only
E100001014754,in old vintage only
E100001014774,in old vintage only
E100001014823,in old vintage only
E100001014827,in old vintage only
E100001014886,in old vintage only
E100001014959,in old vintage only
E100001014986,in old vintage only
E100001015021,in old vintage only
E100001015024,in old vintage only
E100001015065,in old vintage only
E100001015197,in old vintage only
E100001015198,in old vintage only
E100001015209,in old vintage only
E100001015272,in old vintage only
E100001015316,in old vintage only
E100001015365,in old vintage only
E100001015418,in old vintage only
E100001015445,in old vintage only
E100001015457,in old vintage only
E100001015482,in old vintage only
E100001015529,in old vintage only
E100001015560,in old vintage only
E100001015575,in old vintage only
E100001015643,in old vintage only
E100001015658,in old vintage only
E100001015664,in old vintage only
E100001015691,in old vintage only
E100001015692,in old vintage only
E100001015716,in old vintage only
E100001015734,in old vintage only
E100001015757,in old vintage only
E100001015801,in old vintage only
E100001015854,in old vintage only
E100001015889,in old vintage only
E100001015922,in old vintage only
E100001015927,in old vintage only
E100001015954,in old vintage only
E100001015974,in old vintage only
E100001015990,in old vintage only
E100001016032,in old vintage only
E100001016038,in old vintage only
E100001016039,in old vintage only
E100001016040,in old vintage only
E100001016041,in old vintage only
E100001016042,in old vintage only
E100001016043,in old vintage only
E100001016048,in old vintage only
E100001016120,in old vintage only
E100001016123,in old vintage only
E100001016124,in old vintage only
E100001016144,in old vintage only
E100001016145,in old vintage only
E100001016148,in old vintage only
E100001016149,in old vintage only
E100001016195,in old vintage only
E100001016220,in old vintage only
E100001016240,in old vintage only
E100001016247,in old vintage only
E100001016260,in old vintage only
E100001016261,in old vintage only
E100001016262,in old vintage only
E100001016263,in old vintage only
E100001016264,in old vintage only
E100001016278,in old vintage only
E100001016284,in old vintage only
E100001016285,in old vintage only
E100001016306,in old vintage only
E100001016308,in old vintage only
E100001016314,in old vintage only
E100001016320,in old vintage only
E100001016355,in old vintage only
E100001016362,in old vintage only
E100001016365,in old vintage only
E100001016386,in old vintage only
E100001016389,in old vintage only
E100001016397,in old vintage only
E100001016403,in old vintage only
E100001016420,in old vintage only
E100001016423,in old vintage only
E100001016424,in old vintage only
E100001016425,in old vintage only
E100001016426,in old vintage only
E100001016434,in old vintage only
E100001016435,in old vintage only
E100001016469,in old vintage only
E100001016478,in old vintage only
E100001016486,in old vintage only
E100001016497,in old vintage only
E100001016518,in old vintage only
E100001016525,in old vintage only
E100001016561,in old vintage only
E100001016564,in old vintage only
E100001016568,in old vintage only
E100001016575,in old vintage only
E100001016576,in old vintage only
E100001016579,in old vintage only
E100001016580,in old vintage only
E100001016620,in old vintage only
E100001016716,in old vintage only
E100001017111,in old vintage only
E100001017149,in old vintage only
E100001017320,in old vintage only
E100002000008,in old vintage only
E100002000023,in old vintage only
E100002000024,in old vintage only
E100002000067,in old vintage only
E100002000119,in old vintage only
E100002000638,in old vintage only
E100002000672,in old vintage only
E100002000697,in old vintage only
E100002000837,in old vintage only
E100002000849,in old vintage only
E100002000850,in old vintage only
E100002000880,in old vintage only
E100002000886,in old vintage only
E100002000887,in old vintage only
E100002000926,in old vintage only
E100002000969,in old vintage only
E100002001096,in old vintage only
E100002001098,in old vintage only
E100002001102,in old vintage only
E100002001103,in old vintage only
E100002001118,in old vintage only
E100002001144,in old vintage only
E100002001210,in old vintage only
E100002001235,in old vintage only
E100002001240,in old vintage only
E100002001254,in old vintage only
E100002001269,in old vintage only
E100002001294,in old vintage only
E100002001374,in old vintage only
E100002001386,in old vintage only
E100002001426,in old vintage only
E100002001490,in old vintage only
E100002001553,in old vintage only
E100002002692,in old vintage only
E100002002693,in old vintage only
E100002002727,in old vintage only
E100002002744,in old vintage only
E100002002964,in old vintage only
E100002002965,in old vintage only
E100002002966,in old vintage only
E100002002967,in old vintage only
E100002002972,in old vintage only
E100002002973,in old vintage only
E100002002974,in old vintage only
E100002002997,in old vintage only
E100002002998,in old vintage only
E100002003021,in old vintage only
E100002003022,in old vintage only
E100002003023,in old vintage only
E100002003024,in old vintage only
E100002003025,in old vintage only
E100002003026,in old vintage only
E100002003027,in old vintage only
E100002003157,in old vintage only
E100002003165,in old vintage only
E100002003226,in old vintage only
E100002003311,in old vintage only
E100002003321,in old vintage only
E100002003327,in old vintage only
E100002003378,in old vintage only
E100002003399,in old vintage only
E100002003403,in old vintage only
E100002003404,in old vintage only
E100002003442,in old vintage only
E100002003443,in old vintage only
E100002003472,in old vintage only
E100002003530,in old vintage only
E100002003589,in old vintage only
E100002003590,in old vintage only
E100002003646,in old vintage only
E100002003739,in old vintage only
E100002003768,in old vintage only
E100002003770,in old vintage only
E100002003829,in old vintage only
E100002004437,in old vintage only
E100002004553,in old vintage only
E100002004685,in old vintage only
E100002004696,in old vintage only
E100002004722,in old vintage only
E100002005396,in old vintage only
E100002005404,in old vintage only
E100002005405,in old vintage only
E100002005406,in old vintage only
E100002005666,in old vintage only
E100002005670,in old vintage only
E100002006637,in old vintage only
E100002006638,in old vintage only
E100002007640,in old vintage only
E100002007645,in old vintage only
E100002007648,in old vintage only
E100002007652,in old vintage only
E100002007662,in old vintage only
E100002007663,in old vintage only
E100002007671,in old vintage only
E100002007672,in old vintage only
E100002007674,in old vintage only
E100002007701,in old vintage only
E100002007717,in old vintage only
E100002007745,in old vintage only
E100002007765,in old vintage only
E100002007767,in old vintage only
E100002007772,in old vintage only
E100002007773,in old vintage only
E100002007777,in old vintage only
E100002007778,in old vintage only
E100002007782,in old vintage only
E100002007790,in old vintage only
E100002007807,in old vintage only
E100002007808,in old vintage only
E100002007809,in old vintage only
E100002007869,in old vintage only
E100002007948,in old vintage only
E100002007949,in old vintage only
E100002007989,in old vintage only
E100002008132,in old vintage only
E100002008133,in old vintage only
E100002008135,in old vintage only
E100002008273,in old vintage only
